mouse_ensemble_id_gene,gene_id,gene_name,human_ensembl_id,dog_ensembl_id,transcript,status,human_ortholog_transcript,status,dog_ortholog_transcript,status
ENSMUSG00000032504,Pdcd6ip,programmed cell death 6 interacting protein ,ENSG00000170248,ENSCAFG00000004721,ENSMUST00000035086,known,ENST00000307296,known,ENSCAFT00000007604,known
ENSMUSG00000032504,Pdcd6ip,programmed cell death 6 interacting protein ,ENSG00000170248,ENSCAFG00000004721,ENSMUST00000111861,known,ENST00000457054,known,CGACAFTENST00000457054,predicted
ENSMUSG00000020659,Cbll1,Casitas B-lineage lymphoma-like 1 ,ENSG00000105879,ENSCAFG00000031990,ENSMUST00000064240,known,CGATENSMUST00000064240,predicted,CGACAFTENSMUST00000064240,predicted
ENSMUSG00000020659,Cbll1,Casitas B-lineage lymphoma-like 1 ,ENSG00000105879,ENSCAFG00000031990,ENSMUST00000101499,known,ENST00000440859,known,ENSCAFT00000048678,known
ENSMUSG00000020659,Cbll1,Casitas B-lineage lymphoma-like 1 ,ENSG00000105879,ENSCAFG00000031990,CGAMUSTENST00000222597,predicted,ENST00000222597,known,CGACAFTENST00000222597,predicted
ENSMUSG00000036078,Sigmar1,sigma non-opioid intracellular receptor 1 ,ENSG00000147955,ENSCAFG00000030020,ENSMUST00000059354,known,ENST00000277010,known,ENSCAFT00000043329,known
ENSMUSG00000036078,Sigmar1,sigma non-opioid intracellular receptor 1 ,ENSG00000147955,ENSCAFG00000030020,ENSMUST00000071561,known,ENST00000477726,known,CGACAFTENST00000477726,predicted
ENSMUSG00000034160,Ogt,O-linked N-acetylglucosamine (GlcNAc) transferase (UDP-N-acetylglucosamine:polypeptide-N-acetylglucosaminyl transferase) ,ENSG00000147162,ENSCAFG00000017134,ENSMUST00000119299,known,ENST00000373701,known,CGACAFTENST00000373701,predicted
ENSMUSG00000034160,Ogt,O-linked N-acetylglucosamine (GlcNAc) transferase (UDP-N-acetylglucosamine:polypeptide-N-acetylglucosaminyl transferase) ,ENSG00000147162,ENSCAFG00000017134,ENSMUST00000044475,known,ENST00000373719,known,ENSCAFT00000027149,known
ENSMUSG00000025060,Slk,STE20-like kinase ,ENSG00000065613,ENSCAFG00000010516,ENSMUST00000026043,known,ENST00000335753,known,ENSCAFT00000045427,known
ENSMUSG00000025060,Slk,STE20-like kinase ,ENSG00000065613,ENSCAFG00000010516,ENSMUST00000051691,known,ENST00000369755,known,ENSCAFT00000016744,known
ENSMUSG00000027935,Rab13,RAB13 member RAS oncogene family ,ENSG00000143545,ENSCAFG00000017389,ENSMUST00000107373,known,ENST00000614713,known,CGACAFTENST00000614713,predicted
ENSMUSG00000027935,Rab13,RAB13 member RAS oncogene family ,ENSG00000143545,ENSCAFG00000017389,ENSMUST00000065418,known,ENST00000368575,known,ENSCAFT00000027549,known
ENSMUSG00000038324,Trpc4ap,transient receptor potential cation channel, subfamily C, member 4 associated protein ,ENSG00000100991,ENSCAFG00000007912,ENSMUST00000041059,known,ENST00000252015,known,ENSCAFT00000044637,known
ENSMUSG00000038324,Trpc4ap,transient receptor potential cation channel, subfamily C, member 4 associated protein ,ENSG00000100991,ENSCAFG00000007912,ENSMUST00000103140,known,ENST00000451813,known,CGACAFTENST00000451813,predicted
ENSMUSG00000038324,Trpc4ap,transient receptor potential cation channel, subfamily C, member 4 associated protein ,ENSG00000100991,ENSCAFG00000007912,CGAMUSTENSCAFT00000012642,predicted,CGATENSCAFT00000012642,predicted,ENSCAFT00000012642,known
ENSMUSG00000038909,Kat7,K(lysine) acetyltransferase 7 ,ENSG00000136504,ENSCAFG00000016955,ENSMUST00000103159,known,CGATENSMUST00000103159,predicted,CGACAFTENSMUST00000103159,predicted
ENSMUSG00000038909,Kat7,K(lysine) acetyltransferase 7 ,ENSG00000136504,ENSCAFG00000016955,ENSMUST00000107734,known,ENST00000259021,known,ENSCAFT00000026849,known
ENSMUSG00000038909,Kat7,K(lysine) acetyltransferase 7 ,ENSG00000136504,ENSCAFG00000016955,ENSMUST00000107733,known,ENST00000424009,known,CGACAFTENST00000424009,predicted
ENSMUSG00000038909,Kat7,K(lysine) acetyltransferase 7 ,ENSG00000136504,ENSCAFG00000016955,CGAMUSTENST00000454930,predicted,ENST00000454930,known,CGACAFTENST00000454930,predicted
ENSMUSG00000038909,Kat7,K(lysine) acetyltransferase 7 ,ENSG00000136504,ENSCAFG00000016955,CGAMUSTENST00000509773,predicted,ENST00000509773,known,CGACAFTENST00000509773,predicted
ENSMUSG00000038909,Kat7,K(lysine) acetyltransferase 7 ,ENSG00000136504,ENSCAFG00000016955,CGAMUSTENST00000510819,predicted,ENST00000510819,known,CGACAFTENST00000510819,predicted
ENSMUSG00000047454,Gphn,gephyrin ,ENSG00000171723,ENSCAFG00000016305,ENSMUST00000052472,known,CGATENSMUST00000052472,predicted,CGACAFTENSMUST00000052472,predicted
ENSMUSG00000047454,Gphn,gephyrin ,ENSG00000171723,ENSCAFG00000016305,ENSMUST00000110388,known,ENST00000478722,known,CGACAFTENST00000478722,predicted
ENSMUSG00000047454,Gphn,gephyrin ,ENSG00000171723,ENSCAFG00000016305,CGAMUSTENSCAFT00000025875,predicted,CGATENSCAFT00000025875,predicted,ENSCAFT00000025875,known
ENSMUSG00000047454,Gphn,gephyrin ,ENSG00000171723,ENSCAFG00000016305,CGAMUSTENST00000315266,predicted,ENST00000315266,known,CGACAFTENST00000315266,predicted
ENSMUSG00000068739,Sars,seryl-aminoacyl-tRNA synthetase ,ENSG00000031698,ENSCAFG00000019847,ENSMUST00000090553,known,ENST00000234677,known,ENSCAFT00000031572,known
ENSMUSG00000068739,Sars,seryl-aminoacyl-tRNA synthetase ,ENSG00000031698,ENSCAFG00000019847,ENSMUST00000102625,known,ENST00000369923,known,CGACAFTENST00000369923,predicted
ENSMUSG00000028524,Sgip1,SH3-domain GRB2-like (endophilin) interacting protein 1 ,ENSG00000118473,ENSCAFG00000018570,ENSMUST00000066824,known,CGATENSMUST00000066824,predicted,CGACAFTENSMUST00000066824,predicted
ENSMUSG00000028524,Sgip1,SH3-domain GRB2-like (endophilin) interacting protein 1 ,ENSG00000118473,ENSCAFG00000018570,ENSMUST00000072481,known,CGATENSMUST00000072481,predicted,CGACAFTENSMUST00000072481,predicted
ENSMUSG00000028524,Sgip1,SH3-domain GRB2-like (endophilin) interacting protein 1 ,ENSG00000118473,ENSCAFG00000018570,ENSMUST00000080728,known,CGATENSMUST00000080728,predicted,CGACAFTENSMUST00000080728,predicted
ENSMUSG00000028524,Sgip1,SH3-domain GRB2-like (endophilin) interacting protein 1 ,ENSG00000118473,ENSCAFG00000018570,CGAMUSTENST00000371039,predicted,ENST00000371039,known,CGACAFTENST00000371039,predicted
ENSMUSG00000028524,Sgip1,SH3-domain GRB2-like (endophilin) interacting protein 1 ,ENSG00000118473,ENSCAFG00000018570,CGAMUSTENST00000371037,predicted,ENST00000371037,known,ENSCAFT00000029482,known
ENSMUSG00000025790,Slco3a1,solute carrier organic anion transporter family, member 3a1 ,ENSG00000176463,ENSCAFG00000011241,ENSMUST00000098371,known,ENST00000424469,known,ENSCAFT00000017864,known
ENSMUSG00000025790,Slco3a1,solute carrier organic anion transporter family, member 3a1 ,ENSG00000176463,ENSCAFG00000011241,ENSMUST00000026897,known,ENST00000318445,known,CGACAFTENST00000318445,predicted
ENSMUSG00000036371,Serbp1,serpine1 mRNA binding protein 1 ,ENSG00000142864,ENSCAFG00000018538,ENSMUST00000042990,known,ENST00000370995,known,ENSCAFT00000029427,known
ENSMUSG00000036371,Serbp1,serpine1 mRNA binding protein 1 ,ENSG00000142864,ENSCAFG00000018538,ENSMUST00000203436,known,ENST00000370990,known,CGACAFTENST00000370990,predicted
ENSMUSG00000036371,Serbp1,serpine1 mRNA binding protein 1 ,ENSG00000142864,ENSCAFG00000018538,ENSMUST00000204293,known,ENST00000370994,known,CGACAFTENST00000370994,predicted
ENSMUSG00000036371,Serbp1,serpine1 mRNA binding protein 1 ,ENSG00000142864,ENSCAFG00000018538,ENSMUST00000203077,known,ENST00000361219,known,CGACAFTENST00000361219,predicted
ENSMUSG00000020042,Btbd11,BTB (POZ) domain containing 11 ,ENSG00000151136,ENSCAFG00000001793,ENSMUST00000105307,known,ENST00000280758,known,ENSCAFT00000002814,known
ENSMUSG00000020042,Btbd11,BTB (POZ) domain containing 11 ,ENSG00000151136,ENSCAFG00000001793,ENSMUST00000105306,known,ENST00000357167,known,CGACAFTENST00000357167,predicted
ENSMUSG00000017801,Mlx,MAX-like protein X ,ENSG00000108788,ENSCAFG00000029102,ENSMUST00000107302,known,ENST00000435881,known,CGACAFTENST00000435881,predicted
ENSMUSG00000017801,Mlx,MAX-like protein X ,ENSG00000108788,ENSCAFG00000029102,ENSMUST00000107303,known,ENST00000346833,known,CGACAFTENST00000346833,predicted
ENSMUSG00000017801,Mlx,MAX-like protein X ,ENSG00000108788,ENSCAFG00000029102,ENSMUST00000017945,known,ENST00000246912,known,ENSCAFT00000023708,known
ENSMUSG00000004642,Slbp,stem-loop binding protein ,ENSG00000163950,ENSCAFG00000015016,ENSMUST00000101354,known,CGATENSMUST00000101354,predicted,CGACAFTENSMUST00000101354,predicted
ENSMUSG00000004642,Slbp,stem-loop binding protein ,ENSG00000163950,ENSCAFG00000015016,ENSMUST00000057551,known,ENST00000489418,known,ENSCAFT00000023830,known
ENSMUSG00000004642,Slbp,stem-loop binding protein ,ENSG00000163950,ENSCAFG00000015016,CGAMUSTENST00000429429,predicted,ENST00000429429,known,CGACAFTENST00000429429,predicted
ENSMUSG00000004642,Slbp,stem-loop binding protein ,ENSG00000163950,ENSCAFG00000015016,CGAMUSTENST00000488267,predicted,ENST00000488267,known,CGACAFTENST00000488267,predicted
ENSMUSG00000045078,Rnf216,ring finger protein 216 ,ENSG00000011275,ENSCAFG00000015990,ENSMUST00000053498,known,ENST00000425013,known,CGACAFTENST00000425013,predicted
ENSMUSG00000045078,Rnf216,ring finger protein 216 ,ENSG00000011275,ENSCAFG00000015990,ENSMUST00000200607,known,ENST00000389902,known,ENSCAFT00000025386,known
ENSMUSG00000018442,Derl2,Der1-like domain family, member 2 ,ENSG00000072849,ENSCAFG00000032265,ENSMUST00000143850,known,ENST00000158771,known,ENSCAFT00000044998,known
ENSMUSG00000018442,Derl2,Der1-like domain family, member 2 ,ENSG00000072849,ENSCAFG00000032265,ENSMUST00000171041,known,CGATENSMUST00000171041,predicted,CGACAFTENSMUST00000171041,predicted
ENSMUSG00000018442,Derl2,Der1-like domain family, member 2 ,ENSG00000072849,ENSCAFG00000032265,CGAMUSTENST00000572834,predicted,ENST00000572834,known,CGACAFTENST00000572834,predicted
ENSMUSG00000002524,Puf60,poly-U binding splicing factor 60 ,ENSG00000179950,ENSCAFG00000001400,ENSMUST00000100527,known,ENST00000526683,known,CGACAFTENST00000526683,predicted
ENSMUSG00000002524,Puf60,poly-U binding splicing factor 60 ,ENSG00000179950,ENSCAFG00000001400,ENSMUST00000002599,known,ENST00000349157,known,ENSCAFT00000002168,known
ENSMUSG00000002524,Puf60,poly-U binding splicing factor 60 ,ENSG00000179950,ENSCAFG00000001400,CGAMUSTENST00000453551,predicted,ENST00000453551,known,CGACAFTENST00000453551,predicted
ENSMUSG00000002524,Puf60,poly-U binding splicing factor 60 ,ENSG00000179950,ENSCAFG00000001400,CGAMUSTENST00000313352,predicted,ENST00000313352,known,CGACAFTENST00000313352,predicted
ENSMUSG00000002524,Puf60,poly-U binding splicing factor 60 ,ENSG00000179950,ENSCAFG00000001400,CGAMUSTENST00000456095,predicted,ENST00000456095,known,CGACAFTENST00000456095,predicted
ENSMUSG00000002524,Puf60,poly-U binding splicing factor 60 ,ENSG00000179950,ENSCAFG00000001400,CGAMUSTENST00000527197,predicted,ENST00000527197,known,CGACAFTENST00000527197,predicted
ENSMUSG00000020069,Hnrnph3,heterogeneous nuclear ribonucleoprotein H3 ,ENSG00000096746,ENSCAFG00000013619,ENSMUST00000020263,known,ENST00000265866,known,ENSCAFT00000000525,known
ENSMUSG00000020069,Hnrnph3,heterogeneous nuclear ribonucleoprotein H3 ,ENSG00000096746,ENSCAFG00000013619,ENSMUST00000118898,known,ENST00000354695,known,CGACAFTENST00000354695,predicted
ENSMUSG00000026147,Col9a1,collagen type IX, alpha 1 ,ENSG00000112280,ENSCAFG00000002589,ENSMUST00000054588,known,ENST00000357250,known,CGACAFTENST00000357250,predicted
ENSMUSG00000026147,Col9a1,collagen type IX, alpha 1 ,ENSG00000112280,ENSCAFG00000002589,ENSMUST00000088349,known,ENST00000320755,known,CGACAFTENST00000320755,predicted
ENSMUSG00000030435,U2af2,U2 small nuclear ribonucleoprotein auxiliary factor (U2AF) 2 ,ENSG00000063244,ENSCAFG00000002551,ENSMUST00000005041,known,ENST00000450554,known,ENSCAFT00000004031,known
ENSMUSG00000030435,U2af2,U2 small nuclear ribonucleoprotein auxiliary factor (U2AF) 2 ,ENSG00000063244,ENSCAFG00000002551,ENSMUST00000209099,known,ENST00000308924,known,CGACAFTENST00000308924,predicted
ENSMUSG00000041846,Ppp4r3a,protein phosphatase 4 regulatory subunit 3A ,ENSG00000100796,ENSCAFG00000017570,ENSMUST00000048305,known,ENST00000554684,known,CGACAFTENST00000554684,predicted
ENSMUSG00000041846,Ppp4r3a,protein phosphatase 4 regulatory subunit 3A ,ENSG00000100796,ENSCAFG00000017570,ENSMUST00000163095,known,CGATENSMUST00000163095,predicted,ENSCAFT00000027870,known
ENSMUSG00000041846,Ppp4r3a,protein phosphatase 4 regulatory subunit 3A ,ENSG00000100796,ENSCAFG00000017570,CGAMUSTENST00000555462,predicted,ENST00000555462,known,CGACAFTENST00000555462,predicted
ENSMUSG00000018395,Kif3a,kinesin family member 3A ,ENSG00000131437,ENSCAFG00000000898,ENSMUST00000057330,known,ENST00000378746,known,ENSCAFT00000001399,known
ENSMUSG00000018395,Kif3a,kinesin family member 3A ,ENSG00000131437,ENSCAFG00000000898,ENSMUST00000120613,known,ENST00000378735,known,CGACAFTENST00000378735,predicted
ENSMUSG00000018395,Kif3a,kinesin family member 3A ,ENSG00000131437,ENSCAFG00000000898,ENSMUST00000173744,known,CGATENSMUST00000173744,predicted,CGACAFTENSMUST00000173744,predicted
ENSMUSG00000018395,Kif3a,kinesin family member 3A ,ENSG00000131437,ENSCAFG00000000898,CGAMUSTENST00000403231,predicted,ENST00000403231,known,CGACAFTENST00000403231,predicted
ENSMUSG00000039656,Rxrb,retinoid X receptor beta ,ENSG00000204231,ENSCAFG00000000912,ENSMUST00000044858,known,ENST00000374685,known,ENSCAFT00000001418,known
ENSMUSG00000039656,Rxrb,retinoid X receptor beta ,ENSG00000204231,ENSCAFG00000000912,ENSMUST00000173354,known,CGATENSMUST00000173354,predicted,CGACAFTENSMUST00000173354,predicted
ENSMUSG00000039656,Rxrb,retinoid X receptor beta ,ENSG00000204231,ENSCAFG00000000912,ENSMUST00000116612,known,CGATENSMUST00000116612,predicted,CGACAFTENSMUST00000116612,predicted
ENSMUSG00000039656,Rxrb,retinoid X receptor beta ,ENSG00000204231,ENSCAFG00000000912,CGAMUSTENST00000374680,predicted,ENST00000374680,known,CGACAFTENST00000374680,predicted
ENSMUSG00000032624,Eml4,echinoderm microtubule associated protein like 4 ,ENSG00000143924,ENSCAFG00000006510,ENSMUST00000096766,known,CGATENSMUST00000096766,predicted,CGACAFTENSMUST00000096766,predicted
ENSMUSG00000032624,Eml4,echinoderm microtubule associated protein like 4 ,ENSG00000143924,ENSCAFG00000006510,ENSMUST00000112363,known,ENST00000402711,known,CGACAFTENST00000402711,predicted
ENSMUSG00000032624,Eml4,echinoderm microtubule associated protein like 4 ,ENSG00000143924,ENSCAFG00000006510,ENSMUST00000049503,known,CGATENSMUST00000049503,predicted,CGACAFTENSMUST00000049503,predicted
ENSMUSG00000032624,Eml4,echinoderm microtubule associated protein like 4 ,ENSG00000143924,ENSCAFG00000006510,CGAMUSTENST00000318522,predicted,ENST00000318522,known,ENSCAFT00000010521,known
ENSMUSG00000027940,Tpm3,tropomyosin 3, gamma ,ENSG00000143549,ENSCAFG00000017311,ENSMUST00000119570,known,CGATENSMUST00000119570,predicted,CGACAFTENSMUST00000119570,predicted
ENSMUSG00000027940,Tpm3,tropomyosin 3, gamma ,ENSG00000143549,ENSCAFG00000017311,ENSMUST00000029549,known,ENST00000368533,known,CGACAFTENST00000368533,predicted
ENSMUSG00000027940,Tpm3,tropomyosin 3, gamma ,ENSG00000143549,ENSCAFG00000017311,ENSMUST00000119158,known,ENST00000323144,known,CGACAFTENST00000323144,predicted
ENSMUSG00000027940,Tpm3,tropomyosin 3, gamma ,ENSG00000143549,ENSCAFG00000017311,CGAMUSTENST00000330188,predicted,ENST00000330188,known,ENSCAFT00000027452,known
ENSMUSG00000027940,Tpm3,tropomyosin 3, gamma ,ENSG00000143549,ENSCAFG00000017311,CGAMUSTENST00000328159,predicted,ENST00000328159,known,CGACAFTENST00000328159,predicted
ENSMUSG00000027940,Tpm3,tropomyosin 3, gamma ,ENSG00000143549,ENSCAFG00000017311,CGAMUSTENST00000302206,predicted,ENST00000302206,known,CGACAFTENST00000302206,predicted
ENSMUSG00000027940,Tpm3,tropomyosin 3, gamma ,ENSG00000143549,ENSCAFG00000017311,CGAMUSTENST00000368531,predicted,ENST00000368531,known,CGACAFTENST00000368531,predicted
ENSMUSG00000027940,Tpm3,tropomyosin 3, gamma ,ENSG00000143549,ENSCAFG00000017311,CGAMUSTENST00000368530,predicted,ENST00000368530,known,CGACAFTENST00000368530,predicted
ENSMUSG00000027940,Tpm3,tropomyosin 3, gamma ,ENSG00000143549,ENSCAFG00000017311,CGAMUSTENST00000611659,predicted,ENST00000611659,known,CGACAFTENST00000611659,predicted
ENSMUSG00000026819,Slc25a25,solute carrier family 25 (mitochondrial carrier, phosphate carrier), member 25 ,ENSG00000148339,ENSCAFG00000020091,ENSMUST00000052119,known,ENST00000373066,known,CGACAFTENST00000373066,predicted
ENSMUSG00000026819,Slc25a25,solute carrier family 25 (mitochondrial carrier, phosphate carrier), member 25 ,ENSG00000148339,ENSCAFG00000020091,ENSMUST00000028160,known,ENST00000373069,known,CGACAFTENST00000373069,predicted
ENSMUSG00000026819,Slc25a25,solute carrier family 25 (mitochondrial carrier, phosphate carrier), member 25 ,ENSG00000148339,ENSCAFG00000020091,ENSMUST00000113310,known,ENST00000373068,known,ENSCAFT00000031982,known
ENSMUSG00000026819,Slc25a25,solute carrier family 25 (mitochondrial carrier, phosphate carrier), member 25 ,ENSG00000148339,ENSCAFG00000020091,ENSMUST00000113307,known,ENST00000373064,known,CGACAFTENST00000373064,predicted
ENSMUSG00000026819,Slc25a25,solute carrier family 25 (mitochondrial carrier, phosphate carrier), member 25 ,ENSG00000148339,ENSCAFG00000020091,CGAMUSTENST00000432073,predicted,ENST00000432073,known,CGACAFTENST00000432073,predicted
ENSMUSG00000109324,Prmt1,protein arginine N-methyltransferase 1 ,ENSG00000126457,ENSCAFG00000003589,ENSMUST00000207370,known,ENST00000391851,known,CGACAFTENST00000391851,predicted
ENSMUSG00000109324,Prmt1,protein arginine N-methyltransferase 1 ,ENSG00000126457,ENSCAFG00000003589,ENSMUST00000207659,known,CGATENSMUST00000207659,predicted,CGACAFTENSMUST00000207659,predicted
ENSMUSG00000109324,Prmt1,protein arginine N-methyltransferase 1 ,ENSG00000126457,ENSCAFG00000003589,ENSMUST00000107843,known,ENST00000454376,known,ENSCAFT00000005773,known
ENSMUSG00000109324,Prmt1,protein arginine N-methyltransferase 1 ,ENSG00000126457,ENSCAFG00000003589,CGAMUSTENST00000610806,predicted,ENST00000610806,known,CGACAFTENST00000610806,predicted
ENSMUSG00000043733,Ptpn11,protein tyrosine phosphatase, non-receptor type 11 ,ENSG00000179295,ENSCAFG00000008894,ENSMUST00000100770,known,ENST00000351677,known,ENSCAFT00000014133,known
ENSMUSG00000043733,Ptpn11,protein tyrosine phosphatase, non-receptor type 11 ,ENSG00000179295,ENSCAFG00000008894,ENSMUST00000054547,known,ENST00000635625,known,CGACAFTENST00000635625,predicted
ENSMUSG00000043733,Ptpn11,protein tyrosine phosphatase, non-receptor type 11 ,ENSG00000179295,ENSCAFG00000008894,CGAMUSTENST00000392597,predicted,ENST00000392597,known,CGACAFTENST00000392597,predicted
ENSMUSG00000002006,Pdzd4,PDZ domain containing 4 ,ENSG00000067840,ENSCAFG00000019290,ENSMUST00000002080,known,ENST00000393758,known,CGACAFTENST00000393758,predicted
ENSMUSG00000002006,Pdzd4,PDZ domain containing 4 ,ENSG00000067840,ENSCAFG00000019290,ENSMUST00000114438,known,ENST00000544474,known,CGACAFTENST00000544474,predicted
ENSMUSG00000002006,Pdzd4,PDZ domain containing 4 ,ENSG00000067840,ENSCAFG00000019290,CGAMUSTENST00000164640,predicted,ENST00000164640,known,ENSCAFT00000030629,known
ENSMUSG00000032898,Fbxo21,F-box protein 21 ,ENSG00000135108,ENSCAFG00000009303,ENSMUST00000202447,known,ENST00000330622,known,CGACAFTENST00000330622,predicted
ENSMUSG00000032898,Fbxo21,F-box protein 21 ,ENSG00000135108,ENSCAFG00000009303,ENSMUST00000035579,known,ENST00000622495,known,ENSCAFT00000014796,known
ENSMUSG00000025217,Btrc,beta-transducin repeat containing protein ,ENSG00000166167,ENSCAFG00000009879,ENSMUST00000065601,known,ENST00000370187,known,ENSCAFT00000015696,known
ENSMUSG00000025217,Btrc,beta-transducin repeat containing protein ,ENSG00000166167,ENSCAFG00000009879,ENSMUST00000111936,known,ENST00000408038,known,CGACAFTENST00000408038,predicted
ENSMUSG00000025217,Btrc,beta-transducin repeat containing protein ,ENSG00000166167,ENSCAFG00000009879,CGAMUSTENST00000393441,predicted,ENST00000393441,known,CGACAFTENST00000393441,predicted
ENSMUSG00000059981,Taok2,TAO kinase 2 ,ENSG00000149930,ENSCAFG00000017039,ENSMUST00000071268,known,CGATENSMUST00000071268,predicted,CGACAFTENSMUST00000071268,predicted
ENSMUSG00000059981,Taok2,TAO kinase 2 ,ENSG00000149930,ENSCAFG00000017039,ENSMUST00000117394,known,CGATENSMUST00000117394,predicted,CGACAFTENSMUST00000117394,predicted
ENSMUSG00000059981,Taok2,TAO kinase 2 ,ENSG00000149930,ENSCAFG00000017039,CGAMUSTENST00000308893,predicted,ENST00000308893,known,ENSCAFT00000026995,known
ENSMUSG00000059981,Taok2,TAO kinase 2 ,ENSG00000149930,ENSCAFG00000017039,CGAMUSTENST00000543033,predicted,ENST00000543033,known,CGACAFTENST00000543033,predicted
ENSMUSG00000059981,Taok2,TAO kinase 2 ,ENSG00000149930,ENSCAFG00000017039,CGAMUSTENST00000279394,predicted,ENST00000279394,known,ENSCAFT00000045721,known
ENSMUSG00000032423,Syncrip,synaptotagmin binding, cytoplasmic RNA interacting protein ,ENSG00000135316,ENSCAFG00000003024,ENSMUST00000069221,known,ENST00000355238,known,ENSCAFT00000004869,known
ENSMUSG00000032423,Syncrip,synaptotagmin binding, cytoplasmic RNA interacting protein ,ENSG00000135316,ENSCAFG00000003024,ENSMUST00000174391,known,ENST00000616122,known,CGACAFTENST00000616122,predicted
ENSMUSG00000032423,Syncrip,synaptotagmin binding, cytoplasmic RNA interacting protein ,ENSG00000135316,ENSCAFG00000003024,ENSMUST00000174282,known,CGATENSMUST00000174282,predicted,CGACAFTENSMUST00000174282,predicted
ENSMUSG00000032423,Syncrip,synaptotagmin binding, cytoplasmic RNA interacting protein ,ENSG00000135316,ENSCAFG00000003024,ENSMUST00000173801,known,ENST00000369622,known,CGACAFTENST00000369622,predicted
ENSMUSG00000037364,Srrt,serrate RNA effector molecule homolog (Arabidopsis) ,ENSG00000087087,ENSCAFG00000023538,ENSMUST00000199243,known,CGATENSMUST00000199243,predicted,CGACAFTENSMUST00000199243,predicted
ENSMUSG00000037364,Srrt,serrate RNA effector molecule homolog (Arabidopsis) ,ENSG00000087087,ENSCAFG00000023538,ENSMUST00000197466,known,CGATENSMUST00000197466,predicted,CGACAFTENSMUST00000197466,predicted
ENSMUSG00000037364,Srrt,serrate RNA effector molecule homolog (Arabidopsis) ,ENSG00000087087,ENSCAFG00000023538,ENSMUST00000040873,known,ENST00000611405,known,ENSCAFT00000022237,known
ENSMUSG00000037364,Srrt,serrate RNA effector molecule homolog (Arabidopsis) ,ENSG00000087087,ENSCAFG00000023538,CGAMUSTENST00000618262,predicted,ENST00000618262,known,CGACAFTENST00000618262,predicted
ENSMUSG00000037364,Srrt,serrate RNA effector molecule homolog (Arabidopsis) ,ENSG00000087087,ENSCAFG00000023538,CGAMUSTENST00000614484,predicted,ENST00000614484,known,CGACAFTENST00000614484,predicted
ENSMUSG00000037364,Srrt,serrate RNA effector molecule homolog (Arabidopsis) ,ENSG00000087087,ENSCAFG00000023538,CGAMUSTENST00000618411,predicted,ENST00000618411,known,CGACAFTENST00000618411,predicted
ENSMUSG00000028496,Mllt3,myeloid/lymphoid or mixed-lineage leukemia; translocated to, 3 ,ENSG00000171843,ENSCAFG00000001635,ENSMUST00000078090,known,ENST00000380338,known,ENSCAFT00000002592,known
ENSMUSG00000028496,Mllt3,myeloid/lymphoid or mixed-lineage leukemia; translocated to, 3 ,ENSG00000171843,ENSCAFG00000001635,ENSMUST00000126353,known,CGATENSMUST00000126353,predicted,CGACAFTENSMUST00000126353,predicted
ENSMUSG00000028496,Mllt3,myeloid/lymphoid or mixed-lineage leukemia; translocated to, 3 ,ENSG00000171843,ENSCAFG00000001635,ENSMUST00000149357,known,CGATENSMUST00000149357,predicted,CGACAFTENSMUST00000149357,predicted
ENSMUSG00000028496,Mllt3,myeloid/lymphoid or mixed-lineage leukemia; translocated to, 3 ,ENSG00000171843,ENSCAFG00000001635,CGAMUSTENST00000630269,predicted,ENST00000630269,known,CGACAFTENST00000630269,predicted
ENSMUSG00000021816,Ppp3cb,protein phosphatase 3, catalytic subunit, beta isoform ,ENSG00000107758,ENSCAFG00000014818,ENSMUST00000159027,known,ENST00000394829,known,CGACAFTENST00000394829,predicted
ENSMUSG00000021816,Ppp3cb,protein phosphatase 3, catalytic subunit, beta isoform ,ENSG00000107758,ENSCAFG00000014818,ENSMUST00000161445,known,ENST00000360663,known,ENSCAFT00000023521,known
ENSMUSG00000021816,Ppp3cb,protein phosphatase 3, catalytic subunit, beta isoform ,ENSG00000107758,ENSCAFG00000014818,ENSMUST00000022355,known,ENST00000394828,known,CGACAFTENST00000394828,predicted
ENSMUSG00000074238,Ap1ar,adaptor-related protein complex 1 associated regulatory protein ,ENSG00000138660,ENSCAFG00000011643,ENSMUST00000200409,known,ENST00000309703,known,CGACAFTENST00000309703,predicted
ENSMUSG00000074238,Ap1ar,adaptor-related protein complex 1 associated regulatory protein ,ENSG00000138660,ENSCAFG00000011643,ENSMUST00000051737,known,ENST00000274000,known,ENSCAFT00000018483,known
ENSMUSG00000003545,Fosb,FBJ osteosarcoma oncogene B ,ENSG00000125740,ENSCAFG00000004443,ENSMUST00000003640,known,ENST00000353609,known,ENSCAFT00000007160,known
ENSMUSG00000003545,Fosb,FBJ osteosarcoma oncogene B ,ENSG00000125740,ENSCAFG00000004443,ENSMUST00000208446,known,CGATENSMUST00000208446,predicted,CGACAFTENSMUST00000208446,predicted
ENSMUSG00000003545,Fosb,FBJ osteosarcoma oncogene B ,ENSG00000125740,ENSCAFG00000004443,CGAMUSTENST00000417353,predicted,ENST00000417353,known,CGACAFTENST00000417353,predicted
ENSMUSG00000038332,Sesn1,sestrin 1 ,ENSG00000080546,ENSCAFG00000003793,ENSMUST00000099931,known,ENST00000436639,known,ENSCAFT00000035517,known
ENSMUSG00000038332,Sesn1,sestrin 1 ,ENSG00000080546,ENSCAFG00000003793,ENSMUST00000041438,known,ENST00000356644,known,CGACAFTENST00000356644,predicted
ENSMUSG00000038332,Sesn1,sestrin 1 ,ENSG00000080546,ENSCAFG00000003793,CGAMUSTENST00000302071,predicted,ENST00000302071,known,CGACAFTENST00000302071,predicted
ENSMUSG00000028134,Ptbp2,polypyrimidine tract binding protein 2 ,ENSG00000117569,ENSCAFG00000020080,ENSMUST00000200097,known,ENST00000426398,known,CGACAFTENST00000426398,predicted
ENSMUSG00000028134,Ptbp2,polypyrimidine tract binding protein 2 ,ENSG00000117569,ENSCAFG00000020080,ENSMUST00000029780,known,ENST00000609116,known,ENSCAFT00000031985,known
ENSMUSG00000028134,Ptbp2,polypyrimidine tract binding protein 2 ,ENSG00000117569,ENSCAFG00000020080,CGAMUSTENST00000370198,predicted,ENST00000370198,known,CGACAFTENST00000370198,predicted
ENSMUSG00000028134,Ptbp2,polypyrimidine tract binding protein 2 ,ENSG00000117569,ENSCAFG00000020080,CGAMUSTENST00000370197,predicted,ENST00000370197,known,CGACAFTENST00000370197,predicted
ENSMUSG00000015750,Aph1a,aph1 homolog A, gamma secretase subunit ,ENSG00000117362,ENSCAFG00000011777,ENSMUST00000015894,known,ENST00000360244,known,CGACAFTENST00000360244,predicted
ENSMUSG00000015750,Aph1a,aph1 homolog A, gamma secretase subunit ,ENSG00000117362,ENSCAFG00000011777,ENSMUST00000056710,known,ENST00000369109,known,ENSCAFT00000018712,known
ENSMUSG00000015750,Aph1a,aph1 homolog A, gamma secretase subunit ,ENSG00000117362,ENSCAFG00000011777,CGAMUSTENST00000414276,predicted,ENST00000414276,known,CGACAFTENST00000414276,predicted
ENSMUSG00000039159,Ube2h,ubiquitin-conjugating enzyme E2H ,ENSG00000186591,ENSCAFG00000001505,ENSMUST00000102993,known,ENST00000355621,known,ENSCAFT00000002348,known
ENSMUSG00000039159,Ube2h,ubiquitin-conjugating enzyme E2H ,ENSG00000186591,ENSCAFG00000001505,ENSMUST00000094543,known,ENST00000473814,known,CGACAFTENST00000473814,predicted
ENSMUSG00000023994,Nfya,nuclear transcription factor-Y alpha ,ENSG00000001167,ENSCAFG00000001580,ENSMUST00000078800,known,CGATENSMUST00000078800,predicted,ENSCAFT00000002475,known
ENSMUSG00000023994,Nfya,nuclear transcription factor-Y alpha ,ENSG00000001167,ENSCAFG00000001580,ENSMUST00000162460,known,ENST00000353205,known,CGACAFTENST00000353205,predicted
ENSMUSG00000023994,Nfya,nuclear transcription factor-Y alpha ,ENSG00000001167,ENSCAFG00000001580,ENSMUST00000046719,known,ENST00000341376,known,CGACAFTENST00000341376,predicted
ENSMUSG00000023994,Nfya,nuclear transcription factor-Y alpha ,ENSG00000001167,ENSCAFG00000001580,ENSMUST00000159063,known,CGATENSMUST00000159063,predicted,CGACAFTENSMUST00000159063,predicted
ENSMUSG00000030306,Tmtc1,transmembrane and tetratricopeptide repeat containing 1 ,ENSG00000133687,ENSCAFG00000010821,ENSMUST00000060095,known,CGATENSMUST00000060095,predicted,ENSCAFT00000017221,known
ENSMUSG00000030306,Tmtc1,transmembrane and tetratricopeptide repeat containing 1 ,ENSG00000133687,ENSCAFG00000010821,ENSMUST00000100772,known,CGATENSMUST00000100772,predicted,CGACAFTENSMUST00000100772,predicted
ENSMUSG00000030306,Tmtc1,transmembrane and tetratricopeptide repeat containing 1 ,ENSG00000133687,ENSCAFG00000010821,CGAMUSTENST00000256062,predicted,ENST00000256062,known,CGACAFTENST00000256062,predicted
ENSMUSG00000030306,Tmtc1,transmembrane and tetratricopeptide repeat containing 1 ,ENSG00000133687,ENSCAFG00000010821,CGAMUSTENST00000539277,predicted,ENST00000539277,known,CGACAFTENST00000539277,predicted
ENSMUSG00000030798,Cd37,CD37 antigen ,ENSG00000104894,ENSCAFG00000003709,ENSMUST00000098461,known,ENST00000323906,known,ENSCAFT00000045237,known
ENSMUSG00000030798,Cd37,CD37 antigen ,ENSG00000104894,ENSCAFG00000003709,ENSMUST00000033063,known,CGATENSMUST00000033063,predicted,ENSCAFT00000005965,known
ENSMUSG00000030798,Cd37,CD37 antigen ,ENSG00000104894,ENSCAFG00000003709,CGAMUSTENST00000426897,predicted,ENST00000426897,known,CGACAFTENST00000426897,predicted
ENSMUSG00000026586,Prrx1,paired related homeobox 1 ,ENSG00000116132,ENSCAFG00000015002,ENSMUST00000075805,known,ENST00000367760,known,ENSCAFT00000049641,known
ENSMUSG00000026586,Prrx1,paired related homeobox 1 ,ENSG00000116132,ENSCAFG00000015002,ENSMUST00000027878,known,ENST00000239461,known,ENSCAFT00000023797,known
ENSMUSG00000026586,Prrx1,paired related homeobox 1 ,ENSG00000116132,ENSCAFG00000015002,ENSMUST00000174397,known,CGATENSMUST00000174397,predicted,CGACAFTENSMUST00000174397,predicted
ENSMUSG00000028161,Ppp3ca,protein phosphatase 3, catalytic subunit, alpha isoform ,ENSG00000138814,ENSCAFG00000010644,ENSMUST00000070198,known,ENST00000394853,known,ENSCAFT00000014940,known
ENSMUSG00000028161,Ppp3ca,protein phosphatase 3, catalytic subunit, alpha isoform ,ENSG00000138814,ENSCAFG00000010644,ENSMUST00000056758,known,ENST00000394854,known,ENSCAFT00000016916,known
ENSMUSG00000028161,Ppp3ca,protein phosphatase 3, catalytic subunit, alpha isoform ,ENSG00000138814,ENSCAFG00000010644,CGAMUSTENST00000323055,predicted,ENST00000323055,known,CGACAFTENST00000323055,predicted
ENSMUSG00000027954,Efna1,ephrin A1 ,ENSG00000169242,ENSCAFG00000017069,ENSMUST00000029566,known,ENST00000368407,known,ENSCAFT00000027032,known
ENSMUSG00000027954,Efna1,ephrin A1 ,ENSG00000169242,ENSCAFG00000017069,ENSMUST00000118587,known,CGATENSMUST00000118587,predicted,CGACAFTENSMUST00000118587,predicted
ENSMUSG00000027954,Efna1,ephrin A1 ,ENSG00000169242,ENSCAFG00000017069,CGAMUSTENST00000368406,predicted,ENST00000368406,known,CGACAFTENST00000368406,predicted
ENSMUSG00000035851,Ythdc1,YTH domain containing 1 ,ENSG00000083896,ENSCAFG00000002821,ENSMUST00000119339,known,ENST00000355665,known,CGACAFTENST00000355665,predicted
ENSMUSG00000035851,Ythdc1,YTH domain containing 1 ,ENSG00000083896,ENSCAFG00000002821,ENSMUST00000120498,known,ENST00000344157,known,ENSCAFT00000004512,known
ENSMUSG00000035851,Ythdc1,YTH domain containing 1 ,ENSG00000083896,ENSCAFG00000002821,ENSMUST00000038384,known,ENST00000579690,known,CGACAFTENST00000579690,predicted
ENSMUSG00000037013,Ss18,SS18 nBAF chromatin remodeling complex subunit ,ENSG00000141380,ENSCAFG00000018147,ENSMUST00000092041,known,ENST00000269137,known,CGACAFTENST00000269137,predicted
ENSMUSG00000037013,Ss18,SS18 nBAF chromatin remodeling complex subunit ,ENSG00000141380,ENSCAFG00000018147,ENSMUST00000040924,known,ENST00000415083,known,ENSCAFT00000028827,known
ENSMUSG00000037013,Ss18,SS18 nBAF chromatin remodeling complex subunit ,ENSG00000141380,ENSCAFG00000018147,ENSMUST00000040964,known,CGATENSMUST00000040964,predicted,CGACAFTENSMUST00000040964,predicted
ENSMUSG00000037013,Ss18,SS18 nBAF chromatin remodeling complex subunit ,ENSG00000141380,ENSCAFG00000018147,CGAMUSTENST00000542420,predicted,ENST00000542420,known,CGACAFTENST00000542420,predicted
ENSMUSG00000024617,Camk2a,calcium/calmodulin-dependent protein kinase II alpha ,ENSG00000070808,ENSCAFG00000018163,ENSMUST00000102888,known,ENST00000348628,known,ENSCAFT00000028867,known
ENSMUSG00000024617,Camk2a,calcium/calmodulin-dependent protein kinase II alpha ,ENSG00000070808,ENSCAFG00000018163,ENSMUST00000115295,known,CGATENSMUST00000115295,predicted,CGACAFTENSMUST00000115295,predicted
ENSMUSG00000024617,Camk2a,calcium/calmodulin-dependent protein kinase II alpha ,ENSG00000070808,ENSCAFG00000018163,ENSMUST00000039904,known,CGATENSMUST00000039904,predicted,CGACAFTENSMUST00000039904,predicted
ENSMUSG00000024617,Camk2a,calcium/calmodulin-dependent protein kinase II alpha ,ENSG00000070808,ENSCAFG00000018163,CGAMUSTENST00000398376,predicted,ENST00000398376,known,CGACAFTENST00000398376,predicted
ENSMUSG00000019966,Kitl,kit ligand ,ENSG00000049130,ENSCAFG00000006091,ENSMUST00000105283,known,ENST00000228280,known,ENSCAFT00000009854,known
ENSMUSG00000019966,Kitl,kit ligand ,ENSG00000049130,ENSCAFG00000006091,ENSMUST00000020129,known,ENST00000347404,known,CGACAFTENST00000347404,predicted
ENSMUSG00000005312,Ubqln1,ubiquilin 1 ,ENSG00000135018,ENSCAFG00000001435,ENSMUST00000058735,known,ENST00000376395,known,ENSCAFT00000002236,known
ENSMUSG00000005312,Ubqln1,ubiquilin 1 ,ENSG00000135018,ENSCAFG00000001435,ENSMUST00000076454,known,ENST00000257468,known,CGACAFTENST00000257468,predicted
ENSMUSG00000047547,Cltb,clathrin light polypeptide (Lcb) ,ENSG00000175416,ENSCAFG00000016689,ENSMUST00000091609,known,ENST00000345807,known,CGACAFTENST00000345807,predicted
ENSMUSG00000047547,Cltb,clathrin light polypeptide (Lcb) ,ENSG00000175416,ENSCAFG00000016689,ENSMUST00000049575,known,ENST00000310418,known,ENSCAFT00000026430,known
ENSMUSG00000003813,Rad23a,RAD23 homolog A, nucleotide excision repair protein ,ENSG00000179262,ENSCAFG00000017085,ENSMUST00000003911,known,ENST00000316856,known,ENSCAFT00000027066,known
ENSMUSG00000003813,Rad23a,RAD23 homolog A, nucleotide excision repair protein ,ENSG00000179262,ENSCAFG00000017085,ENSMUST00000109761,known,ENST00000586534,known,CGACAFTENST00000586534,predicted
ENSMUSG00000003813,Rad23a,RAD23 homolog A, nucleotide excision repair protein ,ENSG00000179262,ENSCAFG00000017085,CGAMUSTENST00000592268,predicted,ENST00000592268,known,CGACAFTENST00000592268,predicted
ENSMUSG00000006299,Aamp,angio-associated migratory protein ,ENSG00000127837,ENSCAFG00000014625,ENSMUST00000006462,known,ENST00000248450,known,ENSCAFT00000023220,known
ENSMUSG00000006299,Aamp,angio-associated migratory protein ,ENSG00000127837,ENSCAFG00000014625,ENSMUST00000178235,known,ENST00000444053,known,CGACAFTENST00000444053,predicted
ENSMUSG00000066043,Phactr4,phosphatase and actin regulator 4 ,ENSG00000204138,ENSCAFG00000011801,ENSMUST00000102568,known,ENST00000373839,known,ENSCAFT00000042737,known
ENSMUSG00000066043,Phactr4,phosphatase and actin regulator 4 ,ENSG00000204138,ENSCAFG00000011801,ENSMUST00000084170,known,CGATENSMUST00000084170,predicted,CGACAFTENSMUST00000084170,predicted
ENSMUSG00000066043,Phactr4,phosphatase and actin regulator 4 ,ENSG00000204138,ENSCAFG00000011801,CGAMUSTENST00000373836,predicted,ENST00000373836,known,CGACAFTENST00000373836,predicted
ENSMUSG00000022636,Alcam,activated leukocyte cell adhesion molecule ,ENSG00000170017,ENSCAFG00000009721,ENSMUST00000023312,known,ENST00000306107,known,ENSCAFT00000015434,known
ENSMUSG00000022636,Alcam,activated leukocyte cell adhesion molecule ,ENSG00000170017,ENSCAFG00000009721,ENSMUST00000170035,known,ENST00000472644,known,CGACAFTENST00000472644,predicted
ENSMUSG00000026289,Atg16l1,autophagy related 16-like 1 (S. cerevisiae) ,ENSG00000085978,ENSCAFG00000011752,ENSMUST00000027512,known,ENST00000392017,known,ENSCAFT00000018720,known
ENSMUSG00000026289,Atg16l1,autophagy related 16-like 1 (S. cerevisiae) ,ENSG00000085978,ENSCAFG00000011752,ENSMUST00000113186,known,ENST00000392020,known,CGACAFTENST00000392020,predicted
ENSMUSG00000026289,Atg16l1,autophagy related 16-like 1 (S. cerevisiae) ,ENSG00000085978,ENSCAFG00000011752,ENSMUST00000113190,known,CGATENSMUST00000113190,predicted,CGACAFTENSMUST00000113190,predicted
ENSMUSG00000026289,Atg16l1,autophagy related 16-like 1 (S. cerevisiae) ,ENSG00000085978,ENSCAFG00000011752,CGAMUSTENST00000347464,predicted,ENST00000347464,known,CGACAFTENST00000347464,predicted
ENSMUSG00000058153,Sez6l,seizure related 6 homolog like ,ENSG00000100095,ENSCAFG00000011694,ENSMUST00000079491,known,ENST00000404234,known,CGACAFTENST00000404234,predicted
ENSMUSG00000058153,Sez6l,seizure related 6 homolog like ,ENSG00000100095,ENSCAFG00000011694,ENSMUST00000075387,known,CGATENSMUST00000075387,predicted,CGACAFTENSMUST00000075387,predicted
ENSMUSG00000058153,Sez6l,seizure related 6 homolog like ,ENSG00000100095,ENSCAFG00000011694,ENSMUST00000197425,known,CGATENSMUST00000197425,predicted,CGACAFTENSMUST00000197425,predicted
ENSMUSG00000058153,Sez6l,seizure related 6 homolog like ,ENSG00000100095,ENSCAFG00000011694,CGAMUSTENST00000360929,predicted,ENST00000360929,known,CGACAFTENST00000360929,predicted
ENSMUSG00000058153,Sez6l,seizure related 6 homolog like ,ENSG00000100095,ENSCAFG00000011694,CGAMUSTENST00000629590,predicted,ENST00000629590,known,CGACAFTENST00000629590,predicted
ENSMUSG00000058153,Sez6l,seizure related 6 homolog like ,ENSG00000100095,ENSCAFG00000011694,CGAMUSTENST00000248933,predicted,ENST00000248933,known,ENSCAFT00000018602,known
ENSMUSG00000058153,Sez6l,seizure related 6 homolog like ,ENSG00000100095,ENSCAFG00000011694,CGAMUSTENST00000343706,predicted,ENST00000343706,known,CGACAFTENST00000343706,predicted
ENSMUSG00000058153,Sez6l,seizure related 6 homolog like ,ENSG00000100095,ENSCAFG00000011694,CGAMUSTENST00000529632,predicted,ENST00000529632,known,CGACAFTENST00000529632,predicted
ENSMUSG00000056692,Ilrun,inflammation and lipid regulator with UBA-like and NBR1-like domains ,ENSG00000196821,ENSCAFG00000001229,ENSMUST00000114863,known,ENST00000374023,known,ENSCAFT00000001910,known
ENSMUSG00000056692,Ilrun,inflammation and lipid regulator with UBA-like and NBR1-like domains ,ENSG00000196821,ENSCAFG00000001229,ENSMUST00000114859,known,CGATENSMUST00000114859,predicted,CGACAFTENSMUST00000114859,predicted
ENSMUSG00000056692,Ilrun,inflammation and lipid regulator with UBA-like and NBR1-like domains ,ENSG00000196821,ENSCAFG00000001229,CGAMUSTENST00000374026,predicted,ENST00000374026,known,CGACAFTENST00000374026,predicted
ENSMUSG00000056121,Fez2,fasciculation and elongation protein zeta 2 (zygin II) ,ENSG00000171055,ENSCAFG00000005904,ENSMUST00000070039,known,ENST00000405912,known,ENSCAFT00000009525,known
ENSMUSG00000056121,Fez2,fasciculation and elongation protein zeta 2 (zygin II) ,ENSG00000171055,ENSCAFG00000005904,ENSMUST00000112487,known,ENST00000379245,known,ENSCAFT00000009524,known
ENSMUSG00000025402,Nab2,Ngfi-A binding protein 2 ,ENSG00000166886,ENSCAFG00000000160,ENSMUST00000026469,known,ENST00000300131,known,ENSCAFT00000000260,known
ENSMUSG00000025402,Nab2,Ngfi-A binding protein 2 ,ENSG00000166886,ENSCAFG00000000160,ENSMUST00000099157,known,ENST00000342556,known,CGACAFTENST00000342556,predicted
ENSMUSG00000034488,Edil3,EGF-like repeats and discoidin I-like domains 3 ,ENSG00000164176,ENSCAFG00000008467,ENSMUST00000081769,known,ENST00000296591,known,ENSCAFT00000013454,known
ENSMUSG00000034488,Edil3,EGF-like repeats and discoidin I-like domains 3 ,ENSG00000164176,ENSCAFG00000008467,ENSMUST00000043111,known,ENST00000380138,known,CGACAFTENST00000380138,predicted
ENSMUSG00000040387,Klhl32,kelch-like 32 ,ENSG00000186231,ENSCAFG00000003452,ENSMUST00000108218,known,ENST00000369261,known,ENSCAFT00000005545,known
ENSMUSG00000040387,Klhl32,kelch-like 32 ,ENSG00000186231,ENSCAFG00000003452,ENSMUST00000084781,known,CGATENSMUST00000084781,predicted,CGACAFTENSMUST00000084781,predicted
ENSMUSG00000040387,Klhl32,kelch-like 32 ,ENSG00000186231,ENSCAFG00000003452,CGAMUSTENST00000536676,predicted,ENST00000536676,known,CGACAFTENST00000536676,predicted
ENSMUSG00000040387,Klhl32,kelch-like 32 ,ENSG00000186231,ENSCAFG00000003452,CGAMUSTENST00000620278,predicted,ENST00000620278,known,CGACAFTENST00000620278,predicted
ENSMUSG00000040387,Klhl32,kelch-like 32 ,ENSG00000186231,ENSCAFG00000003452,CGAMUSTENST00000539200,predicted,ENST00000539200,known,CGACAFTENST00000539200,predicted
ENSMUSG00000032076,Cadm1,cell adhesion molecule 1 ,ENSG00000182985,ENSCAFG00000013482,ENSMUST00000114548,known,CGATENSMUST00000114548,predicted,CGACAFTENSMUST00000114548,predicted
ENSMUSG00000032076,Cadm1,cell adhesion molecule 1 ,ENSG00000182985,ENSCAFG00000013482,ENSMUST00000152459,known,ENST00000331581,known,CGACAFTENST00000331581,predicted
ENSMUSG00000032076,Cadm1,cell adhesion molecule 1 ,ENSG00000182985,ENSCAFG00000013482,ENSMUST00000085909,known,ENST00000537058,known,CGACAFTENST00000537058,predicted
ENSMUSG00000032076,Cadm1,cell adhesion molecule 1 ,ENSG00000182985,ENSCAFG00000013482,ENSMUST00000114547,known,ENST00000452722,known,CGACAFTENST00000452722,predicted
ENSMUSG00000032076,Cadm1,cell adhesion molecule 1 ,ENSG00000182985,ENSCAFG00000013482,ENSMUST00000034581,known,ENST00000542447,known,CGACAFTENST00000542447,predicted
ENSMUSG00000032076,Cadm1,cell adhesion molecule 1 ,ENSG00000182985,ENSCAFG00000013482,CGAMUSTENSCAFT00000021391,predicted,CGATENSCAFT00000021391,predicted,ENSCAFT00000021391,known
ENSMUSG00000032076,Cadm1,cell adhesion molecule 1 ,ENSG00000182985,ENSCAFG00000013482,CGAMUSTENST00000536727,predicted,ENST00000536727,known,CGACAFTENST00000536727,predicted
ENSMUSG00000038271,Iffo1,intermediate filament family orphan 1 ,ENSG00000010295,ENSCAFG00000015047,ENSMUST00000119527,known,ENST00000396840,known,CGACAFTENST00000396840,predicted
ENSMUSG00000038271,Iffo1,intermediate filament family orphan 1 ,ENSG00000010295,ENSCAFG00000015047,ENSMUST00000117675,known,ENST00000336604,known,CGACAFTENST00000336604,predicted
ENSMUSG00000038271,Iffo1,intermediate filament family orphan 1 ,ENSG00000010295,ENSCAFG00000015047,CGAMUSTENST00000356896,predicted,ENST00000356896,known,ENSCAFT00000023912,known
ENSMUSG00000038271,Iffo1,intermediate filament family orphan 1 ,ENSG00000010295,ENSCAFG00000015047,CGAMUSTENST00000619571,predicted,ENST00000619571,known,CGACAFTENST00000619571,predicted
ENSMUSG00000020777,Acox1,acyl-Coenzyme A oxidase 1, palmitoyl ,ENSG00000161533,ENSCAFG00000004989,ENSMUST00000066587,known,ENST00000293217,known,ENSCAFT00000008030,known
ENSMUSG00000020777,Acox1,acyl-Coenzyme A oxidase 1, palmitoyl ,ENSG00000161533,ENSCAFG00000004989,ENSMUST00000072948,known,ENST00000301608,known,ENSCAFT00000008028,known
ENSMUSG00000056296,Synpr,synaptoporin ,ENSG00000163630,ENSCAFG00000029431,ENSMUST00000070323,known,ENST00000478300,known,ENSCAFT00000044457,known
ENSMUSG00000056296,Synpr,synaptoporin ,ENSG00000163630,ENSCAFG00000029431,ENSMUST00000112656,known,ENST00000295894,known,CGACAFTENST00000295894,predicted
ENSMUSG00000032021,Crtam,cytotoxic and regulatory T cell molecule ,ENSG00000109943,ENSCAFG00000011705,ENSMUST00000188848,known,CGATENSMUST00000188848,predicted,CGACAFTENSMUST00000188848,predicted
ENSMUSG00000032021,Crtam,cytotoxic and regulatory T cell molecule ,ENSG00000109943,ENSCAFG00000011705,ENSMUST00000180384,known,ENST00000227348,known,ENSCAFT00000018571,known
ENSMUSG00000032021,Crtam,cytotoxic and regulatory T cell molecule ,ENSG00000109943,ENSCAFG00000011705,CGAMUSTENST00000533709,predicted,ENST00000533709,known,CGACAFTENST00000533709,predicted
ENSMUSG00000037492,Zmat4,zinc finger, matrin type 4 ,ENSG00000165061,ENSCAFG00000005744,ENSMUST00000042352,known,ENST00000297737,known,ENSCAFT00000009247,known
ENSMUSG00000037492,Zmat4,zinc finger, matrin type 4 ,ENSG00000165061,ENSCAFG00000005744,ENSMUST00000207301,known,CGATENSMUST00000207301,predicted,CGACAFTENSMUST00000207301,predicted
ENSMUSG00000037492,Zmat4,zinc finger, matrin type 4 ,ENSG00000165061,ENSCAFG00000005744,CGAMUSTENST00000315769,predicted,ENST00000315769,known,CGACAFTENST00000315769,predicted
ENSMUSG00000068699,Flnc,filamin C, gamma ,ENSG00000128591,ENSCAFG00000001585,ENSMUST00000101617,known,ENST00000346177,known,CGACAFTENST00000346177,predicted
ENSMUSG00000068699,Flnc,filamin C, gamma ,ENSG00000128591,ENSCAFG00000001585,ENSMUST00000065090,known,ENST00000325888,known,ENSCAFT00000002504,known
ENSMUSG00000068699,Flnc,filamin C, gamma ,ENSG00000128591,ENSCAFG00000001585,CGAMUSTENSCAFT00000045585,predicted,CGATENSCAFT00000045585,predicted,ENSCAFT00000045585,known
ENSMUSG00000020128,Vps54,VPS54 GARP complex subunit ,ENSG00000143952,ENSCAFG00000003153,ENSMUST00000006221,known,ENST00000272322,known,CGACAFTENST00000272322,predicted
ENSMUSG00000020128,Vps54,VPS54 GARP complex subunit ,ENSG00000143952,ENSCAFG00000003153,ENSMUST00000109578,known,ENST00000409558,known,ENSCAFT00000005085,known
ENSMUSG00000045302,Preb,prolactin regulatory element binding ,ENSG00000138073,ENSCAFG00000004688,ENSMUST00000074840,known,ENST00000260643,known,ENSCAFT00000007541,known
ENSMUSG00000045302,Preb,prolactin regulatory element binding ,ENSG00000138073,ENSCAFG00000004688,ENSMUST00000202567,known,CGATENSMUST00000202567,predicted,CGACAFTENSMUST00000202567,predicted
ENSMUSG00000045302,Preb,prolactin regulatory element binding ,ENSG00000138073,ENSCAFG00000004688,CGAMUSTENST00000406567,predicted,ENST00000406567,known,CGACAFTENST00000406567,predicted
ENSMUSG00000040242,Fgfr1op2,FGFR1 oncogene partner 2 ,ENSG00000111790,ENSCAFG00000011221,ENSMUST00000067404,known,ENST00000327214,known,ENSCAFT00000017839,known
ENSMUSG00000040242,Fgfr1op2,FGFR1 oncogene partner 2 ,ENSG00000111790,ENSCAFG00000011221,ENSMUST00000111663,known,ENST00000229395,known,ENSCAFT00000046942,known
ENSMUSG00000040242,Fgfr1op2,FGFR1 oncogene partner 2 ,ENSG00000111790,ENSCAFG00000011221,CGAMUSTENST00000546072,predicted,ENST00000546072,known,CGACAFTENST00000546072,predicted
ENSMUSG00000027985,Lef1,lymphoid enhancer binding factor 1 ,ENSG00000138795,ENSCAFG00000011252,ENSMUST00000029611,known,ENST00000265165,known,ENSCAFT00000017891,known
ENSMUSG00000027985,Lef1,lymphoid enhancer binding factor 1 ,ENSG00000138795,ENSCAFG00000011252,ENSMUST00000106341,known,ENST00000379951,known,CGACAFTENST00000379951,predicted
ENSMUSG00000027985,Lef1,lymphoid enhancer binding factor 1 ,ENSG00000138795,ENSCAFG00000011252,ENSMUST00000098611,known,CGATENSMUST00000098611,predicted,CGACAFTENSMUST00000098611,predicted
ENSMUSG00000027985,Lef1,lymphoid enhancer binding factor 1 ,ENSG00000138795,ENSCAFG00000011252,CGAMUSTENST00000438313,predicted,ENST00000438313,known,CGACAFTENST00000438313,predicted
ENSMUSG00000027985,Lef1,lymphoid enhancer binding factor 1 ,ENSG00000138795,ENSCAFG00000011252,CGAMUSTENST00000510624,predicted,ENST00000510624,known,CGACAFTENST00000510624,predicted
ENSMUSG00000055027,Smyd1,SET and MYND domain containing 1 ,ENSG00000115593,ENSCAFG00000007437,ENSMUST00000074301,known,ENST00000419482,known,ENSCAFT00000011926,known
ENSMUSG00000055027,Smyd1,SET and MYND domain containing 1 ,ENSG00000115593,ENSCAFG00000007437,ENSMUST00000114186,known,ENST00000444564,known,CGACAFTENST00000444564,predicted
ENSMUSG00000030374,Strn4,striatin calmodulin binding protein 4 ,ENSG00000090372,ENSCAFG00000004226,ENSMUST00000019220,known,ENST00000391910,known,ENSCAFT00000006783,known
ENSMUSG00000030374,Strn4,striatin calmodulin binding protein 4 ,ENSG00000090372,ENSCAFG00000004226,ENSMUST00000108495,known,ENST00000263280,known,CGACAFTENST00000263280,predicted
ENSMUSG00000038127,Ccdc50,coiled-coil domain containing 50 ,ENSG00000152492,ENSCAFG00000014058,ENSMUST00000100026,known,ENST00000392455,known,ENSCAFT00000022321,known
ENSMUSG00000038127,Ccdc50,coiled-coil domain containing 50 ,ENSG00000152492,ENSCAFG00000014058,ENSMUST00000096127,known,CGATENSMUST00000096127,predicted,CGACAFTENSMUST00000096127,predicted
ENSMUSG00000038127,Ccdc50,coiled-coil domain containing 50 ,ENSG00000152492,ENSCAFG00000014058,CGAMUSTENST00000392456,predicted,ENST00000392456,known,CGACAFTENST00000392456,predicted
ENSMUSG00000024743,Syt7,synaptotagmin VII ,ENSG00000011347,ENSCAFG00000016121,ENSMUST00000073899,known,ENST00000263846,known,CGACAFTENST00000263846,predicted
ENSMUSG00000024743,Syt7,synaptotagmin VII ,ENSG00000011347,ENSCAFG00000016121,ENSMUST00000076968,known,CGATENSMUST00000076968,predicted,CGACAFTENSMUST00000076968,predicted
ENSMUSG00000024743,Syt7,synaptotagmin VII ,ENSG00000011347,ENSCAFG00000016121,ENSMUST00000169121,known,CGATENSMUST00000169121,predicted,CGACAFTENSMUST00000169121,predicted
ENSMUSG00000024743,Syt7,synaptotagmin VII ,ENSG00000011347,ENSCAFG00000016121,CGAMUSTENST00000540677,predicted,ENST00000540677,known,CGACAFTENST00000540677,predicted
ENSMUSG00000024743,Syt7,synaptotagmin VII ,ENSG00000011347,ENSCAFG00000016121,CGAMUSTENST00000542836,predicted,ENST00000542836,known,CGACAFTENST00000542836,predicted
ENSMUSG00000037605,Adgrl3,adhesion G protein-coupled receptor L3 ,ENSG00000150471,ENSCAFG00000002364,ENSMUST00000118442,known,CGATENSMUST00000118442,predicted,CGACAFTENSMUST00000118442,predicted
ENSMUSG00000037605,Adgrl3,adhesion G protein-coupled receptor L3 ,ENSG00000150471,ENSCAFG00000002364,ENSMUST00000119385,known,CGATENSMUST00000119385,predicted,CGACAFTENSMUST00000119385,predicted
ENSMUSG00000037605,Adgrl3,adhesion G protein-coupled receptor L3 ,ENSG00000150471,ENSCAFG00000002364,ENSMUST00000122356,known,CGATENSMUST00000122356,predicted,ENSCAFT00000003727,known
ENSMUSG00000037605,Adgrl3,adhesion G protein-coupled receptor L3 ,ENSG00000150471,ENSCAFG00000002364,ENSMUST00000122037,known,CGATENSMUST00000122037,predicted,CGACAFTENSMUST00000122037,predicted
ENSMUSG00000037605,Adgrl3,adhesion G protein-coupled receptor L3 ,ENSG00000150471,ENSCAFG00000002364,ENSMUST00000072521,known,CGATENSMUST00000072521,predicted,CGACAFTENSMUST00000072521,predicted
ENSMUSG00000037605,Adgrl3,adhesion G protein-coupled receptor L3 ,ENSG00000150471,ENSCAFG00000002364,CGAMUSTENST00000512091,predicted,ENST00000512091,known,CGACAFTENST00000512091,predicted
ENSMUSG00000037605,Adgrl3,adhesion G protein-coupled receptor L3 ,ENSG00000150471,ENSCAFG00000002364,CGAMUSTENST00000514591,predicted,ENST00000514591,known,CGACAFTENST00000514591,predicted
ENSMUSG00000000568,Hnrnpd,heterogeneous nuclear ribonucleoprotein D ,ENSG00000138668,ENSCAFG00000025045,ENSMUST00000172361,known,ENST00000313899,known,ENSCAFT00000038801,known
ENSMUSG00000000568,Hnrnpd,heterogeneous nuclear ribonucleoprotein D ,ENSG00000138668,ENSCAFG00000025045,ENSMUST00000019128,known,ENST00000353341,known,CGACAFTENST00000353341,predicted
ENSMUSG00000000568,Hnrnpd,heterogeneous nuclear ribonucleoprotein D ,ENSG00000138668,ENSCAFG00000025045,ENSMUST00000112939,known,ENST00000352301,known,CGACAFTENST00000352301,predicted
ENSMUSG00000000568,Hnrnpd,heterogeneous nuclear ribonucleoprotein D ,ENSG00000138668,ENSCAFG00000025045,ENSMUST00000072750,known,CGATENSMUST00000072750,predicted,CGACAFTENSMUST00000072750,predicted
ENSMUSG00000020566,Atp6v1c2,ATPase H+ transporting, lysosomal V1 subunit C2 ,ENSG00000143882,ENSCAFG00000003464,ENSMUST00000095820,known,ENST00000272238,known,ENSCAFT00000005583,known
ENSMUSG00000020566,Atp6v1c2,ATPase H+ transporting, lysosomal V1 subunit C2 ,ENSG00000143882,ENSCAFG00000003464,ENSMUST00000020884,known,CGATENSMUST00000020884,predicted,CGACAFTENSMUST00000020884,predicted
ENSMUSG00000020566,Atp6v1c2,ATPase H+ transporting, lysosomal V1 subunit C2 ,ENSG00000143882,ENSCAFG00000003464,CGAMUSTENST00000381661,predicted,ENST00000381661,known,ENSCAFT00000005580,known
ENSMUSG00000029735,Tpk1,thiamine pyrophosphokinase ,ENSG00000196511,ENSCAFG00000025529,ENSMUST00000067888,known,ENST00000360057,known,ENSCAFT00000039734,known
ENSMUSG00000029735,Tpk1,thiamine pyrophosphokinase ,ENSG00000196511,ENSCAFG00000025529,ENSMUST00000114644,known,ENST00000378099,known,CGACAFTENST00000378099,predicted
ENSMUSG00000033882,Rbm46,RNA binding motif protein 46 ,ENSG00000151962,ENSCAFG00000008473,ENSMUST00000048647,known,ENST00000281722,known,ENSCAFT00000013439,known
ENSMUSG00000033882,Rbm46,RNA binding motif protein 46 ,ENSG00000151962,ENSCAFG00000008473,ENSMUST00000182818,known,ENST00000514866,known,ENSCAFT00000037016,known
ENSMUSG00000033882,Rbm46,RNA binding motif protein 46 ,ENSG00000151962,ENSCAFG00000008473,CGAMUSTENST00000510397,predicted,ENST00000510397,known,CGACAFTENST00000510397,predicted
ENSMUSG00000027255,Arfgap2,ADP-ribosylation factor GTPase activating protein 2 ,ENSG00000149182,ENSCAFG00000008903,ENSMUST00000080008,known,ENST00000524782,known,ENSCAFT00000014154,known
ENSMUSG00000027255,Arfgap2,ADP-ribosylation factor GTPase activating protein 2 ,ENSG00000149182,ENSCAFG00000008903,ENSMUST00000028691,known,CGATENSMUST00000028691,predicted,CGACAFTENSMUST00000028691,predicted
ENSMUSG00000027255,Arfgap2,ADP-ribosylation factor GTPase activating protein 2 ,ENSG00000149182,ENSCAFG00000008903,CGAMUSTENST00000426335,predicted,ENST00000426335,known,CGACAFTENST00000426335,predicted
ENSMUSG00000033788,Dysf,dysferlin ,ENSG00000135636,ENSCAFG00000009033,ENSMUST00000113823,known,ENST00000409762,known,CGACAFTENST00000409762,predicted
ENSMUSG00000033788,Dysf,dysferlin ,ENSG00000135636,ENSCAFG00000009033,ENSMUST00000113818,known,CGATENSMUST00000113818,predicted,CGACAFTENSMUST00000113818,predicted
ENSMUSG00000033788,Dysf,dysferlin ,ENSG00000135636,ENSCAFG00000009033,ENSMUST00000081904,known,ENST00000410041,known,CGACAFTENST00000410041,predicted
ENSMUSG00000033788,Dysf,dysferlin ,ENSG00000135636,ENSCAFG00000009033,CGAMUSTENSCAFT00000049149,predicted,CGATENSCAFT00000049149,predicted,ENSCAFT00000049149,known
ENSMUSG00000033788,Dysf,dysferlin ,ENSG00000135636,ENSCAFG00000009033,CGAMUSTENST00000409582,predicted,ENST00000409582,known,CGACAFTENST00000409582,predicted
ENSMUSG00000033788,Dysf,dysferlin ,ENSG00000135636,ENSCAFG00000009033,CGAMUSTENST00000429174,predicted,ENST00000429174,known,CGACAFTENST00000429174,predicted
ENSMUSG00000033788,Dysf,dysferlin ,ENSG00000135636,ENSCAFG00000009033,CGAMUSTENST00000413539,predicted,ENST00000413539,known,CGACAFTENST00000413539,predicted
ENSMUSG00000033788,Dysf,dysferlin ,ENSG00000135636,ENSCAFG00000009033,CGAMUSTENST00000258104,predicted,ENST00000258104,known,CGACAFTENST00000258104,predicted
ENSMUSG00000033788,Dysf,dysferlin ,ENSG00000135636,ENSCAFG00000009033,CGAMUSTENST00000409651,predicted,ENST00000409651,known,CGACAFTENST00000409651,predicted
ENSMUSG00000033788,Dysf,dysferlin ,ENSG00000135636,ENSCAFG00000009033,CGAMUSTENST00000394120,predicted,ENST00000394120,known,CGACAFTENST00000394120,predicted
ENSMUSG00000033788,Dysf,dysferlin ,ENSG00000135636,ENSCAFG00000009033,CGAMUSTENST00000409744,predicted,ENST00000409744,known,CGACAFTENST00000409744,predicted
ENSMUSG00000033788,Dysf,dysferlin ,ENSG00000135636,ENSCAFG00000009033,CGAMUSTENST00000409366,predicted,ENST00000409366,known,CGACAFTENST00000409366,predicted
ENSMUSG00000033788,Dysf,dysferlin ,ENSG00000135636,ENSCAFG00000009033,CGAMUSTENST00000410020,predicted,ENST00000410020,known,CGACAFTENST00000410020,predicted
ENSMUSG00000037217,Syn1,synapsin I ,ENSG00000008056,ENSCAFG00000015146,ENSMUST00000115345,known,ENST00000340666,known,ENSCAFT00000024046,known
ENSMUSG00000037217,Syn1,synapsin I ,ENSG00000008056,ENSCAFG00000015146,ENSMUST00000081893,known,ENST00000295987,known,CGACAFTENST00000295987,predicted
ENSMUSG00000039046,Usp6nl,USP6 N-terminal like ,ENSG00000148429,ENSCAFG00000004866,ENSMUST00000114937,known,ENST00000609104,known,ENSCAFT00000007841,known
ENSMUSG00000039046,Usp6nl,USP6 N-terminal like ,ENSG00000148429,ENSCAFG00000004866,ENSMUST00000042503,known,CGATENSMUST00000042503,predicted,CGACAFTENSMUST00000042503,predicted
ENSMUSG00000039046,Usp6nl,USP6 N-terminal like ,ENSG00000148429,ENSCAFG00000004866,CGAMUSTENST00000277575,predicted,ENST00000277575,known,CGACAFTENST00000277575,predicted
ENSMUSG00000039953,Clstn1,calsyntenin 1 ,ENSG00000171603,ENSCAFG00000019740,ENSMUST00000105691,known,ENST00000361311,known,ENSCAFT00000044983,known
ENSMUSG00000039953,Clstn1,calsyntenin 1 ,ENSG00000171603,ENSCAFG00000019740,ENSMUST00000039144,known,ENST00000377298,known,CGACAFTENST00000377298,predicted
ENSMUSG00000028439,Fam219a,family with sequence similarity 219, member A ,ENSG00000164970,ENSCAFG00000001919,ENSMUST00000108049,known,CGATENSMUST00000108049,predicted,CGACAFTENSMUST00000108049,predicted
ENSMUSG00000028439,Fam219a,family with sequence similarity 219, member A ,ENSG00000164970,ENSCAFG00000001919,ENSMUST00000108052,known,ENST00000297620,known,CGACAFTENST00000297620,predicted
ENSMUSG00000028439,Fam219a,family with sequence similarity 219, member A ,ENSG00000164970,ENSCAFG00000001919,CGAMUSTENST00000445726,predicted,ENST00000445726,known,ENSCAFT00000003036,known
ENSMUSG00000031367,Ap1s2,adaptor-related protein complex 1, sigma 2 subunit ,ENSG00000182287,ENSCAFG00000012215,ENSMUST00000069041,known,ENST00000545766,known,CGACAFTENST00000545766,predicted
ENSMUSG00000031367,Ap1s2,adaptor-related protein complex 1, sigma 2 subunit ,ENSG00000182287,ENSCAFG00000012215,ENSMUST00000033734,known,ENST00000329235,known,ENSCAFT00000019414,known
ENSMUSG00000031367,Ap1s2,adaptor-related protein complex 1, sigma 2 subunit ,ENSG00000182287,ENSCAFG00000012215,ENSMUST00000112294,known,CGATENSMUST00000112294,predicted,CGACAFTENSMUST00000112294,predicted
ENSMUSG00000058975,Kcnc1,potassium voltage gated channel, Shaw-related subfamily, member 1 ,ENSG00000129159,ENSCAFG00000009072,ENSMUST00000025202,known,ENST00000379472,known,CGACAFTENST00000379472,predicted
ENSMUSG00000058975,Kcnc1,potassium voltage gated channel, Shaw-related subfamily, member 1 ,ENSG00000129159,ENSCAFG00000009072,ENSMUST00000160433,known,ENST00000265969,known,ENSCAFT00000014422,known
ENSMUSG00000004319,Clcn3,chloride channel, voltage-sensitive 3 ,ENSG00000109572,ENSCAFG00000007669,ENSMUST00000056508,known,ENST00000613795,known,CGACAFTENST00000613795,predicted
ENSMUSG00000004319,Clcn3,chloride channel, voltage-sensitive 3 ,ENSG00000109572,ENSCAFG00000007669,ENSMUST00000093490,known,CGATENSMUST00000093490,predicted,CGACAFTENSMUST00000093490,predicted
ENSMUSG00000004319,Clcn3,chloride channel, voltage-sensitive 3 ,ENSG00000109572,ENSCAFG00000007669,ENSMUST00000004430,known,ENST00000347613,known,CGACAFTENST00000347613,predicted
ENSMUSG00000004319,Clcn3,chloride channel, voltage-sensitive 3 ,ENSG00000109572,ENSCAFG00000007669,ENSMUST00000110301,known,ENST00000513761,known,ENSCAFT00000038926,known
ENSMUSG00000004319,Clcn3,chloride channel, voltage-sensitive 3 ,ENSG00000109572,ENSCAFG00000007669,CGAMUSTENSCAFT00000038928,predicted,CGATENSCAFT00000038928,predicted,ENSCAFT00000038928,known
ENSMUSG00000004319,Clcn3,chloride channel, voltage-sensitive 3 ,ENSG00000109572,ENSCAFG00000007669,CGAMUSTENST00000360642,predicted,ENST00000360642,known,CGACAFTENST00000360642,predicted
ENSMUSG00000022510,Trp63,transformation related protein 63 ,ENSG00000073282,ENSCAFG00000013961,ENSMUST00000040231,known,ENST00000354600,known,CGACAFTENST00000354600,predicted
ENSMUSG00000022510,Trp63,transformation related protein 63 ,ENSG00000073282,ENSCAFG00000013961,ENSMUST00000115306,known,CGATENSMUST00000115306,predicted,CGACAFTENSMUST00000115306,predicted
ENSMUSG00000022510,Trp63,transformation related protein 63 ,ENSG00000073282,ENSCAFG00000013961,ENSMUST00000115310,known,ENST00000264731,known,ENSCAFT00000022170,known
ENSMUSG00000022510,Trp63,transformation related protein 63 ,ENSG00000073282,ENSCAFG00000013961,ENSMUST00000115305,known,ENST00000437221,known,CGACAFTENST00000437221,predicted
ENSMUSG00000022510,Trp63,transformation related protein 63 ,ENSG00000073282,ENSCAFG00000013961,ENSMUST00000115308,known,CGATENSMUST00000115308,predicted,CGACAFTENSMUST00000115308,predicted
ENSMUSG00000022510,Trp63,transformation related protein 63 ,ENSG00000073282,ENSCAFG00000013961,ENSMUST00000065523,known,ENST00000392460,known,CGACAFTENST00000392460,predicted
ENSMUSG00000022510,Trp63,transformation related protein 63 ,ENSG00000073282,ENSCAFG00000013961,CGAMUSTENST00000418709,predicted,ENST00000418709,known,CGACAFTENST00000418709,predicted
ENSMUSG00000022510,Trp63,transformation related protein 63 ,ENSG00000073282,ENSCAFG00000013961,CGAMUSTENST00000440651,predicted,ENST00000440651,known,CGACAFTENST00000440651,predicted
ENSMUSG00000022510,Trp63,transformation related protein 63 ,ENSG00000073282,ENSCAFG00000013961,CGAMUSTENST00000392463,predicted,ENST00000392463,known,CGACAFTENST00000392463,predicted
ENSMUSG00000062300,Nectin2,nectin cell adhesion molecule 2 ,ENSG00000130202,ENSCAFG00000004626,ENSMUST00000075447,known,ENST00000252483,known,ENSCAFT00000007452,known
ENSMUSG00000062300,Nectin2,nectin cell adhesion molecule 2 ,ENSG00000130202,ENSCAFG00000004626,ENSMUST00000108450,known,ENST00000252485,known,CGACAFTENST00000252485,predicted
ENSMUSG00000031382,Asb11,ankyrin repeat and SOCS box-containing 11 ,ENSG00000165192,ENSCAFG00000011921,ENSMUST00000036858,known,ENST00000480796,known,ENSCAFT00000018938,known
ENSMUSG00000031382,Asb11,ankyrin repeat and SOCS box-containing 11 ,ENSG00000165192,ENSCAFG00000011921,ENSMUST00000033755,known,ENST00000344384,known,CGACAFTENST00000344384,predicted
ENSMUSG00000031382,Asb11,ankyrin repeat and SOCS box-containing 11 ,ENSG00000165192,ENSCAFG00000011921,CGAMUSTENST00000380470,predicted,ENST00000380470,known,CGACAFTENST00000380470,predicted
ENSMUSG00000028150,Rorc,RAR-related orphan receptor gamma ,ENSG00000143365,ENSCAFG00000012884,ENSMUST00000029795,known,ENST00000318247,known,ENSCAFT00000020479,known
ENSMUSG00000028150,Rorc,RAR-related orphan receptor gamma ,ENSG00000143365,ENSCAFG00000012884,ENSMUST00000197040,known,ENST00000356728,known,CGACAFTENST00000356728,predicted
ENSMUSG00000031012,Cask,calcium/calmodulin-dependent serine protein kinase (MAGUK family) ,ENSG00000147044,ENSCAFG00000014358,ENSMUST00000115438,known,CGATENSMUST00000115438,predicted,CGACAFTENSMUST00000115438,predicted
ENSMUSG00000031012,Cask,calcium/calmodulin-dependent serine protein kinase (MAGUK family) ,ENSG00000147044,ENSCAFG00000014358,ENSMUST00000115436,known,ENST00000421587,known,ENSCAFT00000049479,known
ENSMUSG00000031012,Cask,calcium/calmodulin-dependent serine protein kinase (MAGUK family) ,ENSG00000147044,ENSCAFG00000014358,CGAMUSTENST00000378166,predicted,ENST00000378166,known,CGACAFTENST00000378166,predicted
ENSMUSG00000031012,Cask,calcium/calmodulin-dependent serine protein kinase (MAGUK family) ,ENSG00000147044,ENSCAFG00000014358,CGAMUSTENST00000442742,predicted,ENST00000442742,known,CGACAFTENST00000442742,predicted
ENSMUSG00000027365,Trpm7,transient receptor potential cation channel, subfamily M, member 7 ,ENSG00000092439,ENSCAFG00000015230,ENSMUST00000103224,known,ENST00000313478,known,CGACAFTENST00000313478,predicted
ENSMUSG00000027365,Trpm7,transient receptor potential cation channel, subfamily M, member 7 ,ENSG00000092439,ENSCAFG00000015230,ENSMUST00000028843,known,ENST00000560955,known,ENSCAFT00000024268,known
ENSMUSG00000026856,Dolpp1,dolichyl pyrophosphate phosphatase 1 ,ENSG00000167130,ENSCAFG00000020001,ENSMUST00000028209,known,ENST00000372546,known,ENSCAFT00000031829,known
ENSMUSG00000026856,Dolpp1,dolichyl pyrophosphate phosphatase 1 ,ENSG00000167130,ENSCAFG00000020001,ENSMUST00000123202,known,CGATENSMUST00000123202,predicted,CGACAFTENSMUST00000123202,predicted
ENSMUSG00000026856,Dolpp1,dolichyl pyrophosphate phosphatase 1 ,ENSG00000167130,ENSCAFG00000020001,ENSMUST00000113612,known,ENST00000406974,known,CGACAFTENST00000406974,predicted
ENSMUSG00000028289,Epha7,Eph receptor A7 ,ENSG00000135333,ENSCAFG00000003332,ENSMUST00000080934,known,CGATENSMUST00000080934,predicted,CGACAFTENSMUST00000080934,predicted
ENSMUSG00000028289,Epha7,Eph receptor A7 ,ENSG00000135333,ENSCAFG00000003332,ENSMUST00000029964,known,ENST00000369303,known,ENSCAFT00000005480,known
ENSMUSG00000028289,Epha7,Eph receptor A7 ,ENSG00000135333,ENSCAFG00000003332,ENSMUST00000108191,known,CGATENSMUST00000108191,predicted,CGACAFTENSMUST00000108191,predicted
ENSMUSG00000028289,Epha7,Eph receptor A7 ,ENSG00000135333,ENSCAFG00000003332,CGAMUSTENST00000369297,predicted,ENST00000369297,known,CGACAFTENST00000369297,predicted
ENSMUSG00000028580,Pum1,pumilio RNA-binding family member 1 ,ENSG00000134644,ENSCAFG00000011205,ENSMUST00000030315,known,CGATENSMUST00000030315,predicted,CGACAFTENSMUST00000030315,predicted
ENSMUSG00000028580,Pum1,pumilio RNA-binding family member 1 ,ENSG00000134644,ENSCAFG00000011205,ENSMUST00000097864,known,ENST00000257075,known,CGACAFTENST00000257075,predicted
ENSMUSG00000028580,Pum1,pumilio RNA-binding family member 1 ,ENSG00000134644,ENSCAFG00000011205,ENSMUST00000097862,known,ENST00000426105,known,CGACAFTENST00000426105,predicted
ENSMUSG00000028580,Pum1,pumilio RNA-binding family member 1 ,ENSG00000134644,ENSCAFG00000011205,ENSMUST00000105992,known,CGATENSMUST00000105992,predicted,CGACAFTENSMUST00000105992,predicted
ENSMUSG00000028580,Pum1,pumilio RNA-binding family member 1 ,ENSG00000134644,ENSCAFG00000011205,ENSMUST00000105991,known,CGATENSMUST00000105991,predicted,CGACAFTENSMUST00000105991,predicted
ENSMUSG00000028580,Pum1,pumilio RNA-binding family member 1 ,ENSG00000134644,ENSCAFG00000011205,CGAMUSTENSCAFT00000017823,predicted,CGATENSCAFT00000017823,predicted,ENSCAFT00000017823,known
ENSMUSG00000027180,Fbxo3,F-box protein 3 ,ENSG00000110429,ENSCAFG00000007148,ENSMUST00000028603,known,ENST00000265651,known,ENSCAFT00000011480,known
ENSMUSG00000027180,Fbxo3,F-box protein 3 ,ENSG00000110429,ENSCAFG00000007148,ENSMUST00000102565,known,ENST00000448981,known,CGACAFTENST00000448981,predicted
ENSMUSG00000039239,Tgfb2,transforming growth factor, beta 2 ,ENSG00000092969,ENSCAFG00000010815,ENSMUST00000045288,known,ENST00000366930,known,ENSCAFT00000017213,known
ENSMUSG00000039239,Tgfb2,transforming growth factor, beta 2 ,ENSG00000092969,ENSCAFG00000010815,ENSMUST00000195201,known,ENST00000366929,known,ENSCAFT00000017210,known
ENSMUSG00000024924,Vldlr,very low density lipoprotein receptor ,ENSG00000147852,ENSCAFG00000002028,ENSMUST00000172302,known,ENST00000382099,known,ENSCAFT00000037573,known
ENSMUSG00000024924,Vldlr,very low density lipoprotein receptor ,ENSG00000147852,ENSCAFG00000002028,ENSMUST00000047645,known,CGATENSMUST00000047645,predicted,CGACAFTENSMUST00000047645,predicted
ENSMUSG00000024924,Vldlr,very low density lipoprotein receptor ,ENSG00000147852,ENSCAFG00000002028,ENSMUST00000167487,known,ENST00000382100,known,ENSCAFT00000037581,known
ENSMUSG00000021944,Gata4,GATA binding protein 4 ,ENSG00000136574,ENSCAFG00000029087,ENSMUST00000118022,known,ENST00000335135,known,ENSCAFT00000048684,known
ENSMUSG00000021944,Gata4,GATA binding protein 4 ,ENSG00000136574,ENSCAFG00000029087,ENSMUST00000067417,known,ENST00000532059,known,CGACAFTENST00000532059,predicted
ENSMUSG00000021944,Gata4,GATA binding protein 4 ,ENSG00000136574,ENSCAFG00000029087,CGAMUSTENST00000528712,predicted,ENST00000528712,known,CGACAFTENST00000528712,predicted
ENSMUSG00000039735,Fnbp1l,formin binding protein 1-like ,ENSG00000137942,ENSCAFG00000020135,ENSMUST00000162409,known,ENST00000260506,known,CGACAFTENST00000260506,predicted
ENSMUSG00000039735,Fnbp1l,formin binding protein 1-like ,ENSG00000137942,ENSCAFG00000020135,ENSMUST00000162947,known,CGATENSMUST00000162947,predicted,CGACAFTENSMUST00000162947,predicted
ENSMUSG00000039735,Fnbp1l,formin binding protein 1-like ,ENSG00000137942,ENSCAFG00000020135,CGAMUSTENST00000370253,predicted,ENST00000370253,known,ENSCAFT00000050191,known
ENSMUSG00000039735,Fnbp1l,formin binding protein 1-like ,ENSG00000137942,ENSCAFG00000020135,CGAMUSTENST00000271234,predicted,ENST00000271234,known,CGACAFTENST00000271234,predicted
ENSMUSG00000042228,Lyn,LYN proto-oncogene, Src family tyrosine kinase ,ENSG00000254087,ENSCAFG00000007034,ENSMUST00000041377,known,ENST00000519728,known,ENSCAFT00000011282,known
ENSMUSG00000042228,Lyn,LYN proto-oncogene, Src family tyrosine kinase ,ENSG00000254087,ENSCAFG00000007034,ENSMUST00000103010,known,ENST00000520220,known,CGACAFTENST00000520220,predicted
ENSMUSG00000025358,Cdk2,cyclin-dependent kinase 2 ,ENSG00000123374,ENSCAFG00000000082,ENSMUST00000026415,known,ENST00000266970,known,ENSCAFT00000000140,known
ENSMUSG00000025358,Cdk2,cyclin-dependent kinase 2 ,ENSG00000123374,ENSCAFG00000000082,ENSMUST00000026416,known,CGATENSMUST00000026416,predicted,CGACAFTENSMUST00000026416,predicted
ENSMUSG00000025358,Cdk2,cyclin-dependent kinase 2 ,ENSG00000123374,ENSCAFG00000000082,CGAMUSTENST00000440311,predicted,ENST00000440311,known,CGACAFTENST00000440311,predicted
ENSMUSG00000025358,Cdk2,cyclin-dependent kinase 2 ,ENSG00000123374,ENSCAFG00000000082,CGAMUSTENST00000354056,predicted,ENST00000354056,known,CGACAFTENST00000354056,predicted
ENSMUSG00000029625,Cpsf4,cleavage and polyadenylation specific factor 4 ,ENSG00000160917,ENSCAFG00000015036,ENSMUST00000160629,known,CGATENSMUST00000160629,predicted,CGACAFTENSMUST00000160629,predicted
ENSMUSG00000029625,Cpsf4,cleavage and polyadenylation specific factor 4 ,ENSG00000160917,ENSCAFG00000015036,ENSMUST00000070487,known,CGATENSMUST00000070487,predicted,CGACAFTENSMUST00000070487,predicted
ENSMUSG00000029625,Cpsf4,cleavage and polyadenylation specific factor 4 ,ENSG00000160917,ENSCAFG00000015036,ENSMUST00000162244,known,ENST00000436336,known,CGACAFTENST00000436336,predicted
ENSMUSG00000029625,Cpsf4,cleavage and polyadenylation specific factor 4 ,ENSG00000160917,ENSCAFG00000015036,CGAMUSTENSCAFT00000023892,predicted,CGATENSCAFT00000023892,predicted,ENSCAFT00000023892,known
ENSMUSG00000029625,Cpsf4,cleavage and polyadenylation specific factor 4 ,ENSG00000160917,ENSCAFG00000015036,CGAMUSTENST00000292476,predicted,ENST00000292476,known,ENSCAFT00000043832,known
ENSMUSG00000029625,Cpsf4,cleavage and polyadenylation specific factor 4 ,ENSG00000160917,ENSCAFG00000015036,CGAMUSTENST00000441580,predicted,ENST00000441580,known,CGACAFTENST00000441580,predicted
ENSMUSG00000003992,Ssbp2,single-stranded DNA binding protein 2 ,ENSG00000145687,ENSCAFG00000008677,ENSMUST00000004094,known,ENST00000320672,known,ENSCAFT00000013778,known
ENSMUSG00000003992,Ssbp2,single-stranded DNA binding protein 2 ,ENSG00000145687,ENSCAFG00000008677,ENSMUST00000042122,known,ENST00000514493,known,CGACAFTENST00000514493,predicted
ENSMUSG00000003992,Ssbp2,single-stranded DNA binding protein 2 ,ENSG00000145687,ENSCAFG00000008677,CGAMUSTENST00000509053,predicted,ENST00000509053,known,CGACAFTENST00000509053,predicted
ENSMUSG00000003992,Ssbp2,single-stranded DNA binding protein 2 ,ENSG00000145687,ENSCAFG00000008677,CGAMUSTENST00000505980,predicted,ENST00000505980,known,CGACAFTENST00000505980,predicted
ENSMUSG00000003992,Ssbp2,single-stranded DNA binding protein 2 ,ENSG00000145687,ENSCAFG00000008677,CGAMUSTENST00000515395,predicted,ENST00000515395,known,CGACAFTENST00000515395,predicted
ENSMUSG00000003992,Ssbp2,single-stranded DNA binding protein 2 ,ENSG00000145687,ENSCAFG00000008677,CGAMUSTENST00000615665,predicted,ENST00000615665,known,CGACAFTENST00000615665,predicted
ENSMUSG00000040506,Ambra1,autophagy/beclin 1 regulator 1 ,ENSG00000110497,ENSCAFG00000009193,ENSMUST00000099712,known,ENST00000314845,known,ENSCAFT00000039701,known
ENSMUSG00000040506,Ambra1,autophagy/beclin 1 regulator 1 ,ENSG00000110497,ENSCAFG00000009193,ENSMUST00000045705,known,CGATENSMUST00000045705,predicted,CGACAFTENSMUST00000045705,predicted
ENSMUSG00000040506,Ambra1,autophagy/beclin 1 regulator 1 ,ENSG00000110497,ENSCAFG00000009193,CGAMUSTENST00000533727,predicted,ENST00000533727,known,CGACAFTENST00000533727,predicted
ENSMUSG00000040506,Ambra1,autophagy/beclin 1 regulator 1 ,ENSG00000110497,ENSCAFG00000009193,CGAMUSTENST00000534300,predicted,ENST00000534300,known,CGACAFTENST00000534300,predicted
ENSMUSG00000029337,Fgf5,fibroblast growth factor 5 ,ENSG00000138675,ENSCAFG00000008886,ENSMUST00000031280,known,ENST00000312465,known,ENSCAFT00000038532,known
ENSMUSG00000029337,Fgf5,fibroblast growth factor 5 ,ENSG00000138675,ENSCAFG00000008886,ENSMUST00000200059,known,ENST00000456523,known,ENSCAFT00000014095,known
ENSMUSG00000005483,Dnajb1,DnaJ heat shock protein family (Hsp40) member B1 ,ENSG00000132002,ENSCAFG00000016286,ENSMUST00000005620,known,ENST00000254322,known,ENSCAFT00000025827,known
ENSMUSG00000005483,Dnajb1,DnaJ heat shock protein family (Hsp40) member B1 ,ENSG00000132002,ENSCAFG00000016286,ENSMUST00000212300,known,ENST00000396969,known,CGACAFTENST00000396969,predicted
ENSMUSG00000039361,Picalm,phosphatidylinositol binding clathrin assembly protein ,ENSG00000073921,ENSCAFG00000004486,ENSMUST00000207225,known,CGATENSMUST00000207225,predicted,CGACAFTENSMUST00000207225,predicted
ENSMUSG00000039361,Picalm,phosphatidylinositol binding clathrin assembly protein ,ENSG00000073921,ENSCAFG00000004486,ENSMUST00000207484,known,CGATENSMUST00000207484,predicted,CGACAFTENSMUST00000207484,predicted
ENSMUSG00000039361,Picalm,phosphatidylinositol binding clathrin assembly protein ,ENSG00000073921,ENSCAFG00000004486,ENSMUST00000209068,known,ENST00000532317,known,CGACAFTENST00000532317,predicted
ENSMUSG00000039361,Picalm,phosphatidylinositol binding clathrin assembly protein ,ENSG00000073921,ENSCAFG00000004486,ENSMUST00000208730,known,CGATENSMUST00000208730,predicted,CGACAFTENSMUST00000208730,predicted
ENSMUSG00000039361,Picalm,phosphatidylinositol binding clathrin assembly protein ,ENSG00000073921,ENSCAFG00000004486,ENSMUST00000208742,known,ENST00000393346,known,CGACAFTENST00000393346,predicted
ENSMUSG00000039361,Picalm,phosphatidylinositol binding clathrin assembly protein ,ENSG00000073921,ENSCAFG00000004486,ENSMUST00000049537,known,CGATENSMUST00000049537,predicted,CGACAFTENSMUST00000049537,predicted
ENSMUSG00000039361,Picalm,phosphatidylinositol binding clathrin assembly protein ,ENSG00000073921,ENSCAFG00000004486,CGAMUSTENSCAFT00000044406,predicted,CGATENSCAFT00000044406,predicted,ENSCAFT00000044406,known
ENSMUSG00000039361,Picalm,phosphatidylinositol binding clathrin assembly protein ,ENSG00000073921,ENSCAFG00000004486,CGAMUSTENST00000526033,predicted,ENST00000526033,known,CGACAFTENST00000526033,predicted
ENSMUSG00000039361,Picalm,phosphatidylinositol binding clathrin assembly protein ,ENSG00000073921,ENSCAFG00000004486,CGAMUSTENST00000528398,predicted,ENST00000528398,known,CGACAFTENST00000528398,predicted
ENSMUSG00000027375,Mal,myelin and lymphocyte protein, T cell differentiation protein ,ENSG00000172005,ENSCAFG00000007047,ENSMUST00000028854,known,ENST00000309988,known,ENSCAFT00000011303,known
ENSMUSG00000027375,Mal,myelin and lymphocyte protein, T cell differentiation protein ,ENSG00000172005,ENSCAFG00000007047,ENSMUST00000028853,known,ENST00000354078,known,CGACAFTENST00000354078,predicted
ENSMUSG00000027375,Mal,myelin and lymphocyte protein, T cell differentiation protein ,ENSG00000172005,ENSCAFG00000007047,CGAMUSTENST00000353004,predicted,ENST00000353004,known,CGACAFTENST00000353004,predicted
ENSMUSG00000027375,Mal,myelin and lymphocyte protein, T cell differentiation protein ,ENSG00000172005,ENSCAFG00000007047,CGAMUSTENST00000349807,predicted,ENST00000349807,known,CGACAFTENST00000349807,predicted
ENSMUSG00000019961,Tmpo,thymopoietin ,ENSG00000120802,ENSCAFG00000006529,ENSMUST00000072239,known,ENST00000556029,known,ENSCAFT00000010545,known
ENSMUSG00000019961,Tmpo,thymopoietin ,ENSG00000120802,ENSCAFG00000006529,ENSMUST00000099355,known,CGATENSMUST00000099355,predicted,CGACAFTENSMUST00000099355,predicted
ENSMUSG00000019961,Tmpo,thymopoietin ,ENSG00000120802,ENSCAFG00000006529,ENSMUST00000105293,known,ENST00000393053,known,CGACAFTENST00000393053,predicted
ENSMUSG00000019961,Tmpo,thymopoietin ,ENSG00000120802,ENSCAFG00000006529,ENSMUST00000092219,known,ENST00000343315,known,CGACAFTENST00000343315,predicted
ENSMUSG00000019961,Tmpo,thymopoietin ,ENSG00000120802,ENSCAFG00000006529,ENSMUST00000020123,known,ENST00000266732,known,CGACAFTENST00000266732,predicted
ENSMUSG00000029844,Hoxa1,homeobox A1 ,ENSG00000105991,ENSCAFG00000002936,ENSMUST00000000964,known,ENST00000343060,known,ENSCAFT00000004700,known
ENSMUSG00000029844,Hoxa1,homeobox A1 ,ENSG00000105991,ENSCAFG00000002936,ENSMUST00000120363,known,ENST00000355633,known,CGACAFTENST00000355633,predicted
ENSMUSG00000006386,Tek,TEK receptor tyrosine kinase ,ENSG00000120156,ENSCAFG00000001713,ENSMUST00000073939,known,CGATENSMUST00000073939,predicted,CGACAFTENSMUST00000073939,predicted
ENSMUSG00000006386,Tek,TEK receptor tyrosine kinase ,ENSG00000120156,ENSCAFG00000001713,ENSMUST00000102798,known,ENST00000380036,known,CGACAFTENST00000380036,predicted
ENSMUSG00000006386,Tek,TEK receptor tyrosine kinase ,ENSG00000120156,ENSCAFG00000001713,ENSMUST00000071168,known,CGATENSMUST00000071168,predicted,ENSCAFT00000002677,known
ENSMUSG00000006386,Tek,TEK receptor tyrosine kinase ,ENSG00000120156,ENSCAFG00000001713,CGAMUSTENST00000519097,predicted,ENST00000519097,known,CGACAFTENST00000519097,predicted
ENSMUSG00000006386,Tek,TEK receptor tyrosine kinase ,ENSG00000120156,ENSCAFG00000001713,CGAMUSTENST00000406359,predicted,ENST00000406359,known,CGACAFTENST00000406359,predicted
ENSMUSG00000032376,Usp3,ubiquitin specific peptidase 3 ,ENSG00000140455,ENSCAFG00000016993,ENSMUST00000127569,known,ENST00000380324,known,ENSCAFT00000026918,known
ENSMUSG00000032376,Usp3,ubiquitin specific peptidase 3 ,ENSG00000140455,ENSCAFG00000016993,ENSMUST00000098613,known,CGATENSMUST00000098613,predicted,CGACAFTENSMUST00000098613,predicted
ENSMUSG00000032376,Usp3,ubiquitin specific peptidase 3 ,ENSG00000140455,ENSCAFG00000016993,CGAMUSTENST00000540797,predicted,ENST00000540797,known,CGACAFTENST00000540797,predicted
ENSMUSG00000027206,Cops2,COP9 signalosome subunit 2 ,ENSG00000166200,ENSCAFG00000014850,ENSMUST00000110463,known,ENST00000299259,known,CGACAFTENST00000299259,predicted
ENSMUSG00000027206,Cops2,COP9 signalosome subunit 2 ,ENSG00000166200,ENSCAFG00000014850,ENSMUST00000028635,known,ENST00000388901,known,ENSCAFT00000023590,known
ENSMUSG00000042523,Dnal1,dynein axonemal, light chain 1 ,ENSG00000119661,ENSCAFG00000016858,ENSMUST00000123491,known,ENST00000553645,known,ENSCAFT00000026690,known
ENSMUSG00000042523,Dnal1,dynein axonemal, light chain 1 ,ENSG00000119661,ENSCAFG00000016858,ENSMUST00000046340,known,ENST00000554871,known,CGACAFTENST00000554871,predicted
ENSMUSG00000040213,Kyat3,kynurenine aminotransferase 3 ,ENSG00000137944,ENSCAFG00000020207,ENSMUST00000106218,known,ENST00000260508,known,ENSCAFT00000032186,known
ENSMUSG00000040213,Kyat3,kynurenine aminotransferase 3 ,ENSG00000137944,ENSCAFG00000020207,ENSMUST00000044392,known,ENST00000370491,known,CGACAFTENST00000370491,predicted
ENSMUSG00000036940,Kdm1a,lysine (K)-specific demethylase 1A ,ENSG00000004487,ENSCAFG00000013361,ENSMUST00000116273,known,ENST00000356634,known,ENSCAFT00000044299,known
ENSMUSG00000036940,Kdm1a,lysine (K)-specific demethylase 1A ,ENSG00000004487,ENSCAFG00000013361,ENSMUST00000105847,known,CGATENSMUST00000105847,predicted,CGACAFTENSMUST00000105847,predicted
ENSMUSG00000036940,Kdm1a,lysine (K)-specific demethylase 1A ,ENSG00000004487,ENSCAFG00000013361,CGAMUSTENST00000400181,predicted,ENST00000400181,known,CGACAFTENST00000400181,predicted
ENSMUSG00000074227,Spint2,serine protease inhibitor, Kunitz type 2 ,ENSG00000167642,ENSCAFG00000005948,ENSMUST00000108236,known,ENST00000454580,known,CGACAFTENST00000454580,predicted
ENSMUSG00000074227,Spint2,serine protease inhibitor, Kunitz type 2 ,ENSG00000167642,ENSCAFG00000005948,ENSMUST00000098604,known,ENST00000301244,known,ENSCAFT00000009605,known
ENSMUSG00000025912,Mybl1,myeloblastosis oncogene-like 1 ,ENSG00000185697,ENSCAFG00000007344,ENSMUST00000088658,known,ENST00000522677,known,ENSCAFT00000043735,known
ENSMUSG00000025912,Mybl1,myeloblastosis oncogene-like 1 ,ENSG00000185697,ENSCAFG00000007344,ENSMUST00000115468,known,ENST00000524176,known,CGACAFTENST00000524176,predicted
ENSMUSG00000038623,Tm6sf1,transmembrane 6 superfamily member 1 ,ENSG00000136404,ENSCAFG00000013196,ENSMUST00000041890,known,ENST00000322019,known,ENSCAFT00000020949,known
ENSMUSG00000038623,Tm6sf1,transmembrane 6 superfamily member 1 ,ENSG00000136404,ENSCAFG00000013196,ENSMUST00000119543,known,CGATENSMUST00000119543,predicted,CGACAFTENSMUST00000119543,predicted
ENSMUSG00000038623,Tm6sf1,transmembrane 6 superfamily member 1 ,ENSG00000136404,ENSCAFG00000013196,CGAMUSTENST00000379390,predicted,ENST00000379390,known,CGACAFTENST00000379390,predicted
ENSMUSG00000038623,Tm6sf1,transmembrane 6 superfamily member 1 ,ENSG00000136404,ENSCAFG00000013196,CGAMUSTENST00000565774,predicted,ENST00000565774,known,CGACAFTENST00000565774,predicted
ENSMUSG00000068917,Clk2,CDC-like kinase 2 ,ENSG00000176444,ENSCAFG00000016969,ENSMUST00000121212,known,ENST00000361168,known,CGACAFTENST00000361168,predicted
ENSMUSG00000068917,Clk2,CDC-like kinase 2 ,ENSG00000176444,ENSCAFG00000016969,ENSMUST00000090927,known,CGATENSMUST00000090927,predicted,CGACAFTENSMUST00000090927,predicted
ENSMUSG00000068917,Clk2,CDC-like kinase 2 ,ENSG00000176444,ENSCAFG00000016969,CGAMUSTENST00000368361,predicted,ENST00000368361,known,CGACAFTENST00000368361,predicted
ENSMUSG00000039706,Ldb2,LIM domain binding 2 ,ENSG00000169744,ENSCAFG00000015135,ENSMUST00000199534,known,ENST00000441778,known,CGACAFTENST00000441778,predicted
ENSMUSG00000039706,Ldb2,LIM domain binding 2 ,ENSG00000169744,ENSCAFG00000015135,ENSMUST00000070748,known,ENST00000304523,known,CGACAFTENST00000304523,predicted
ENSMUSG00000039706,Ldb2,LIM domain binding 2 ,ENSG00000169744,ENSCAFG00000015135,ENSMUST00000199256,known,CGATENSMUST00000199256,predicted,CGACAFTENSMUST00000199256,predicted
ENSMUSG00000039706,Ldb2,LIM domain binding 2 ,ENSG00000169744,ENSCAFG00000015135,ENSMUST00000199261,known,ENST00000515064,known,CGACAFTENST00000515064,predicted
ENSMUSG00000039706,Ldb2,LIM domain binding 2 ,ENSG00000169744,ENSCAFG00000015135,CGAMUSTENSCAFT00000024036,predicted,CGATENSCAFT00000024036,predicted,ENSCAFT00000024036,known
ENSMUSG00000039706,Ldb2,LIM domain binding 2 ,ENSG00000169744,ENSCAFG00000015135,CGAMUSTENST00000502640,predicted,ENST00000502640,known,CGACAFTENST00000502640,predicted
ENSMUSG00000040990,Sh3kbp1,SH3-domain kinase binding protein 1 ,ENSG00000147010,ENSCAFG00000013075,ENSMUST00000112456,known,ENST00000397821,known,ENSCAFT00000020758,known
ENSMUSG00000040990,Sh3kbp1,SH3-domain kinase binding protein 1 ,ENSG00000147010,ENSCAFG00000013075,ENSMUST00000080394,known,ENST00000379698,known,CGACAFTENST00000379698,predicted
ENSMUSG00000040990,Sh3kbp1,SH3-domain kinase binding protein 1 ,ENSG00000147010,ENSCAFG00000013075,ENSMUST00000112451,known,ENST00000379716,known,CGACAFTENST00000379716,predicted
ENSMUSG00000016327,Atp1b4,ATPase (Na+)/K+ transporting, beta 4 polypeptide ,ENSG00000101892,ENSCAFG00000018484,ENSMUST00000016471,known,ENST00000218008,known,CGACAFTENST00000218008,predicted
ENSMUSG00000016327,Atp1b4,ATPase (Na+)/K+ transporting, beta 4 polypeptide ,ENSG00000101892,ENSCAFG00000018484,ENSMUST00000115134,known,ENST00000361319,known,ENSCAFT00000029367,known
ENSMUSG00000024826,Dpf2,D4 zinc and double PHD fingers family 2 ,ENSG00000133884,ENSCAFG00000013654,ENSMUST00000136983,known,ENST00000528416,known,ENSCAFT00000021663,known
ENSMUSG00000024826,Dpf2,D4 zinc and double PHD fingers family 2 ,ENSG00000133884,ENSCAFG00000013654,ENSMUST00000118623,known,ENST00000252268,known,ENSCAFT00000021664,known
