dog_ensemble_id_gene,gene_id,gene_name,human_ensembl_id,mouse_ensembl_id,transcript,status,human_ortholog_transcript,status,mouse_ortholog_transcript,status
ENSCAFG00000004721,PDCD6IP,programmed cell death 6 interacting protein ,ENSG00000170248,ENSMUSG00000032504,ENSCAFT00000007604,known,ENST00000307296,known,ENSMUST00000035086,known
ENSCAFG00000004721,PDCD6IP,programmed cell death 6 interacting protein ,ENSG00000170248,ENSMUSG00000032504,CGACAFTENST00000457054,predicted,ENST00000457054,known,ENSMUST00000111861,known
ENSCAFG00000031990,CBLL1,Cbl proto-oncogene like 1 ,ENSG00000105879,ENSMUSG00000020659,ENSCAFT00000048678,known,ENST00000440859,known,ENSMUST00000101499,known
ENSCAFG00000031990,CBLL1,Cbl proto-oncogene like 1 ,ENSG00000105879,ENSMUSG00000020659,CGACAFTENST00000222597,predicted,ENST00000222597,known,CGAMUSTENST00000222597,predicted
ENSCAFG00000031990,CBLL1,Cbl proto-oncogene like 1 ,ENSG00000105879,ENSMUSG00000020659,CGACAFTENSMUST00000064240,predicted,CGATENSMUST00000064240,predicted,ENSMUST00000064240,known
ENSCAFG00000030020,SIGMAR1,sigma non-opioid intracellular receptor 1 ,ENSG00000147955,ENSMUSG00000036078,ENSCAFT00000043329,known,ENST00000277010,known,ENSMUST00000059354,known
ENSCAFG00000030020,SIGMAR1,sigma non-opioid intracellular receptor 1 ,ENSG00000147955,ENSMUSG00000036078,CGACAFTENST00000477726,predicted,ENST00000477726,known,ENSMUST00000071561,known
ENSCAFG00000017134,OGT,O-linked N-acetylglucosamine (GlcNAc) transferase ,ENSG00000147162,ENSMUSG00000034160,ENSCAFT00000027149,known,ENST00000373719,known,ENSMUST00000044475,known
ENSCAFG00000017134,OGT,O-linked N-acetylglucosamine (GlcNAc) transferase ,ENSG00000147162,ENSMUSG00000034160,CGACAFTENST00000373701,predicted,ENST00000373701,known,ENSMUST00000119299,known
ENSCAFG00000010516,SLK,STE20 like kinase ,ENSG00000065613,ENSMUSG00000025060,ENSCAFT00000045427,known,ENST00000335753,known,ENSMUST00000026043,known
ENSCAFG00000010516,SLK,STE20 like kinase ,ENSG00000065613,ENSMUSG00000025060,ENSCAFT00000016744,known,ENST00000369755,known,ENSMUST00000051691,known
ENSCAFG00000017389,RAB13,RAB13 member RAS oncogene family ,ENSG00000143545,ENSMUSG00000027935,ENSCAFT00000027549,known,ENST00000368575,known,ENSMUST00000065418,known
ENSCAFG00000017389,RAB13,RAB13 member RAS oncogene family ,ENSG00000143545,ENSMUSG00000027935,CGACAFTENST00000614713,predicted,ENST00000614713,known,ENSMUST00000107373,known
ENSCAFG00000007912,TRPC4AP,transient receptor potential cation channel subfamily C member 4 associated protein ,ENSG00000100991,ENSMUSG00000038324,ENSCAFT00000044637,known,ENST00000252015,known,ENSMUST00000041059,known
ENSCAFG00000007912,TRPC4AP,transient receptor potential cation channel subfamily C member 4 associated protein ,ENSG00000100991,ENSMUSG00000038324,ENSCAFT00000012642,known,CGATENSCAFT00000012642,predicted,CGAMUSTENSCAFT00000012642,predicted
ENSCAFG00000007912,TRPC4AP,transient receptor potential cation channel subfamily C member 4 associated protein ,ENSG00000100991,ENSMUSG00000038324,CGACAFTENST00000451813,predicted,ENST00000451813,known,ENSMUST00000103140,known
ENSCAFG00000016955,KAT7,lysine acetyltransferase 7 ,ENSG00000136504,ENSMUSG00000038909,ENSCAFT00000026849,known,ENST00000259021,known,ENSMUST00000107734,known
ENSCAFG00000016955,KAT7,lysine acetyltransferase 7 ,ENSG00000136504,ENSMUSG00000038909,CGACAFTENST00000454930,predicted,ENST00000454930,known,CGAMUSTENST00000454930,predicted
ENSCAFG00000016955,KAT7,lysine acetyltransferase 7 ,ENSG00000136504,ENSMUSG00000038909,CGACAFTENST00000509773,predicted,ENST00000509773,known,CGAMUSTENST00000509773,predicted
ENSCAFG00000016955,KAT7,lysine acetyltransferase 7 ,ENSG00000136504,ENSMUSG00000038909,CGACAFTENST00000510819,predicted,ENST00000510819,known,CGAMUSTENST00000510819,predicted
ENSCAFG00000016955,KAT7,lysine acetyltransferase 7 ,ENSG00000136504,ENSMUSG00000038909,CGACAFTENST00000424009,predicted,ENST00000424009,known,ENSMUST00000107733,known
ENSCAFG00000016955,KAT7,lysine acetyltransferase 7 ,ENSG00000136504,ENSMUSG00000038909,CGACAFTENSMUST00000103159,predicted,CGATENSMUST00000103159,predicted,ENSMUST00000103159,known
ENSCAFG00000016305,GPHN,gephyrin ,ENSG00000171723,ENSMUSG00000047454,ENSCAFT00000025873,known,Na,known,Na,known
ENSCAFG00000016305,GPHN,gephyrin ,ENSG00000171723,ENSMUSG00000047454,ENSCAFT00000025875,known,CGATENSCAFT00000025875,predicted,CGAMUSTENSCAFT00000025875,predicted
ENSCAFG00000016305,GPHN,gephyrin ,ENSG00000171723,ENSMUSG00000047454,CGACAFTENST00000315266,predicted,ENST00000315266,known,CGAMUSTENST00000315266,predicted
ENSCAFG00000016305,GPHN,gephyrin ,ENSG00000171723,ENSMUSG00000047454,CGACAFTENST00000478722,predicted,ENST00000478722,known,ENSMUST00000110388,known
ENSCAFG00000016305,GPHN,gephyrin ,ENSG00000171723,ENSMUSG00000047454,CGACAFTENSMUST00000052472,predicted,CGATENSMUST00000052472,predicted,ENSMUST00000052472,known
ENSCAFG00000019847,SARS1,seryl-tRNA synthetase 1 ,ENSG00000031698,ENSMUSG00000068739,ENSCAFT00000031572,known,ENST00000234677,known,ENSMUST00000090553,known
ENSCAFG00000019847,SARS1,seryl-tRNA synthetase 1 ,ENSG00000031698,ENSMUSG00000068739,CGACAFTENST00000369923,predicted,ENST00000369923,known,ENSMUST00000102625,known
ENSCAFG00000018570,SGIP1,SH3GL interacting endocytic adaptor 1 ,ENSG00000118473,ENSMUSG00000028524,ENSCAFT00000029482,known,ENST00000371037,known,CGAMUSTENST00000371037,predicted
ENSCAFG00000018570,SGIP1,SH3GL interacting endocytic adaptor 1 ,ENSG00000118473,ENSMUSG00000028524,CGACAFTENST00000371039,predicted,ENST00000371039,known,CGAMUSTENST00000371039,predicted
ENSCAFG00000018570,SGIP1,SH3GL interacting endocytic adaptor 1 ,ENSG00000118473,ENSMUSG00000028524,CGACAFTENSMUST00000066824,predicted,CGATENSMUST00000066824,predicted,ENSMUST00000066824,known
ENSCAFG00000018570,SGIP1,SH3GL interacting endocytic adaptor 1 ,ENSG00000118473,ENSMUSG00000028524,CGACAFTENSMUST00000072481,predicted,CGATENSMUST00000072481,predicted,ENSMUST00000072481,known
ENSCAFG00000018570,SGIP1,SH3GL interacting endocytic adaptor 1 ,ENSG00000118473,ENSMUSG00000028524,CGACAFTENSMUST00000080728,predicted,CGATENSMUST00000080728,predicted,ENSMUST00000080728,known
ENSCAFG00000011241,SLCO3A1,solute carrier organic anion transporter family member 3A1 ,ENSG00000176463,ENSMUSG00000025790,ENSCAFT00000017864,known,ENST00000424469,known,ENSMUST00000098371,known
ENSCAFG00000011241,SLCO3A1,solute carrier organic anion transporter family member 3A1 ,ENSG00000176463,ENSMUSG00000025790,CGACAFTENST00000318445,predicted,ENST00000318445,known,ENSMUST00000026897,known
ENSCAFG00000018538,SERBP1,SERPINE1 mRNA binding protein 1 ,ENSG00000142864,ENSMUSG00000036371,ENSCAFT00000029427,known,ENST00000370995,known,ENSMUST00000042990,known
ENSCAFG00000018538,SERBP1,SERPINE1 mRNA binding protein 1 ,ENSG00000142864,ENSMUSG00000036371,CGACAFTENST00000370994,predicted,ENST00000370994,known,ENSMUST00000204293,known
ENSCAFG00000018538,SERBP1,SERPINE1 mRNA binding protein 1 ,ENSG00000142864,ENSMUSG00000036371,CGACAFTENST00000361219,predicted,ENST00000361219,known,ENSMUST00000203077,known
ENSCAFG00000018538,SERBP1,SERPINE1 mRNA binding protein 1 ,ENSG00000142864,ENSMUSG00000036371,CGACAFTENST00000370990,predicted,ENST00000370990,known,ENSMUST00000203436,known
ENSCAFG00000001793,BTBD11,BTB domain containing 11 ,ENSG00000151136,ENSMUSG00000020042,ENSCAFT00000002814,known,ENST00000280758,known,ENSMUST00000105307,known
ENSCAFG00000001793,BTBD11,BTB domain containing 11 ,ENSG00000151136,ENSMUSG00000020042,CGACAFTENST00000357167,predicted,ENST00000357167,known,ENSMUST00000105306,known
ENSCAFG00000029102,MLX,MAX dimerization protein MLX ,ENSG00000108788,ENSMUSG00000017801,ENSCAFT00000023708,known,ENST00000246912,known,ENSMUST00000017945,known
ENSCAFG00000029102,MLX,MAX dimerization protein MLX ,ENSG00000108788,ENSMUSG00000017801,CGACAFTENST00000435881,predicted,ENST00000435881,known,ENSMUST00000107302,known
ENSCAFG00000029102,MLX,MAX dimerization protein MLX ,ENSG00000108788,ENSMUSG00000017801,CGACAFTENST00000346833,predicted,ENST00000346833,known,ENSMUST00000107303,known
ENSCAFG00000015016,SLBP,stem-loop binding protein ,ENSG00000163950,ENSMUSG00000004642,ENSCAFT00000023830,known,ENST00000489418,known,ENSMUST00000057551,known
ENSCAFG00000015016,SLBP,stem-loop binding protein ,ENSG00000163950,ENSMUSG00000004642,CGACAFTENST00000429429,predicted,ENST00000429429,known,CGAMUSTENST00000429429,predicted
ENSCAFG00000015016,SLBP,stem-loop binding protein ,ENSG00000163950,ENSMUSG00000004642,CGACAFTENST00000488267,predicted,ENST00000488267,known,CGAMUSTENST00000488267,predicted
ENSCAFG00000015016,SLBP,stem-loop binding protein ,ENSG00000163950,ENSMUSG00000004642,CGACAFTENSMUST00000101354,predicted,CGATENSMUST00000101354,predicted,ENSMUST00000101354,known
ENSCAFG00000015990,RNF216,ring finger protein 216 ,ENSG00000011275,ENSMUSG00000045078,ENSCAFT00000025386,known,ENST00000389902,known,ENSMUST00000200607,known
ENSCAFG00000015990,RNF216,ring finger protein 216 ,ENSG00000011275,ENSMUSG00000045078,CGACAFTENST00000425013,predicted,ENST00000425013,known,ENSMUST00000053498,known
ENSCAFG00000032265,DERL2,derlin 2 ,ENSG00000072849,ENSMUSG00000018442,ENSCAFT00000044998,known,ENST00000158771,known,ENSMUST00000143850,known
ENSCAFG00000032265,DERL2,derlin 2 ,ENSG00000072849,ENSMUSG00000018442,CGACAFTENST00000572834,predicted,ENST00000572834,known,CGAMUSTENST00000572834,predicted
ENSCAFG00000032265,DERL2,derlin 2 ,ENSG00000072849,ENSMUSG00000018442,CGACAFTENSMUST00000171041,predicted,CGATENSMUST00000171041,predicted,ENSMUST00000171041,known
ENSCAFG00000001400,PUF60,poly(U) binding splicing factor 60 ,ENSG00000179950,ENSMUSG00000002524,ENSCAFT00000002168,known,ENST00000349157,known,ENSMUST00000002599,known
ENSCAFG00000001400,PUF60,poly(U) binding splicing factor 60 ,ENSG00000179950,ENSMUSG00000002524,ENSCAFT00000045695,known,Na,known,Na,known
ENSCAFG00000001400,PUF60,poly(U) binding splicing factor 60 ,ENSG00000179950,ENSMUSG00000002524,CGACAFTENST00000526683,predicted,ENST00000526683,known,ENSMUST00000100527,known
ENSCAFG00000001400,PUF60,poly(U) binding splicing factor 60 ,ENSG00000179950,ENSMUSG00000002524,CGACAFTENST00000453551,predicted,ENST00000453551,known,CGAMUSTENST00000453551,predicted
ENSCAFG00000001400,PUF60,poly(U) binding splicing factor 60 ,ENSG00000179950,ENSMUSG00000002524,CGACAFTENST00000313352,predicted,ENST00000313352,known,CGAMUSTENST00000313352,predicted
ENSCAFG00000001400,PUF60,poly(U) binding splicing factor 60 ,ENSG00000179950,ENSMUSG00000002524,CGACAFTENST00000456095,predicted,ENST00000456095,known,CGAMUSTENST00000456095,predicted
ENSCAFG00000001400,PUF60,poly(U) binding splicing factor 60 ,ENSG00000179950,ENSMUSG00000002524,CGACAFTENST00000527197,predicted,ENST00000527197,known,CGAMUSTENST00000527197,predicted
ENSCAFG00000013619,HNRNPH3,heterogeneous nuclear ribonucleoprotein H3 ,ENSG00000096746,ENSMUSG00000020069,ENSCAFT00000000525,known,ENST00000265866,known,ENSMUST00000020263,known
ENSCAFG00000013619,HNRNPH3,heterogeneous nuclear ribonucleoprotein H3 ,ENSG00000096746,ENSMUSG00000020069,CGACAFTENST00000354695,predicted,ENST00000354695,known,ENSMUST00000118898,known
ENSCAFG00000002589,COL9A1,collagen type IX alpha 1 chain ,ENSG00000112280,ENSMUSG00000026147,ENSCAFT00000004081,known,Na,known,Na,known
ENSCAFG00000002589,COL9A1,collagen type IX alpha 1 chain ,ENSG00000112280,ENSMUSG00000026147,CGACAFTENST00000357250,predicted,ENST00000357250,known,ENSMUST00000054588,known
ENSCAFG00000002589,COL9A1,collagen type IX alpha 1 chain ,ENSG00000112280,ENSMUSG00000026147,CGACAFTENST00000320755,predicted,ENST00000320755,known,ENSMUST00000088349,known
ENSCAFG00000002551,U2AF2,U2 small nuclear RNA auxiliary factor 2 ,ENSG00000063244,ENSMUSG00000030435,ENSCAFT00000004031,known,ENST00000450554,known,ENSMUST00000005041,known
ENSCAFG00000002551,U2AF2,U2 small nuclear RNA auxiliary factor 2 ,ENSG00000063244,ENSMUSG00000030435,CGACAFTENST00000308924,predicted,ENST00000308924,known,ENSMUST00000209099,known
ENSCAFG00000017570,PPP4R3A,protein phosphatase 4 regulatory subunit 3A ,ENSG00000100796,ENSMUSG00000041846,ENSCAFT00000027870,known,CGATENSMUST00000163095,predicted,ENSMUST00000163095,known
ENSCAFG00000017570,PPP4R3A,protein phosphatase 4 regulatory subunit 3A ,ENSG00000100796,ENSMUSG00000041846,CGACAFTENST00000554684,predicted,ENST00000554684,known,ENSMUST00000048305,known
ENSCAFG00000017570,PPP4R3A,protein phosphatase 4 regulatory subunit 3A ,ENSG00000100796,ENSMUSG00000041846,CGACAFTENST00000555462,predicted,ENST00000555462,known,CGAMUSTENST00000555462,predicted
ENSCAFG00000000898,KIF3A,kinesin family member 3A ,ENSG00000131437,ENSMUSG00000018395,ENSCAFT00000001399,known,ENST00000378746,known,ENSMUST00000057330,known
ENSCAFG00000000898,KIF3A,kinesin family member 3A ,ENSG00000131437,ENSMUSG00000018395,ENSCAFT00000001398,known,Na,known,Na,known
ENSCAFG00000000898,KIF3A,kinesin family member 3A ,ENSG00000131437,ENSMUSG00000018395,ENSCAFT00000001401,known,Na,known,Na,known
ENSCAFG00000000898,KIF3A,kinesin family member 3A ,ENSG00000131437,ENSMUSG00000018395,CGACAFTENST00000378735,predicted,ENST00000378735,known,ENSMUST00000120613,known
ENSCAFG00000000898,KIF3A,kinesin family member 3A ,ENSG00000131437,ENSMUSG00000018395,CGACAFTENST00000403231,predicted,ENST00000403231,known,CGAMUSTENST00000403231,predicted
ENSCAFG00000000898,KIF3A,kinesin family member 3A ,ENSG00000131437,ENSMUSG00000018395,CGACAFTENSMUST00000173744,predicted,CGATENSMUST00000173744,predicted,ENSMUST00000173744,known
ENSCAFG00000000912,RXRB,retinoid X receptor beta ,ENSG00000204231,ENSMUSG00000039656,ENSCAFT00000001418,known,ENST00000374685,known,ENSMUST00000044858,known
ENSCAFG00000000912,RXRB,retinoid X receptor beta ,ENSG00000204231,ENSMUSG00000039656,CGACAFTENST00000374680,predicted,ENST00000374680,known,CGAMUSTENST00000374680,predicted
ENSCAFG00000000912,RXRB,retinoid X receptor beta ,ENSG00000204231,ENSMUSG00000039656,CGACAFTENSMUST00000173354,predicted,CGATENSMUST00000173354,predicted,ENSMUST00000173354,known
ENSCAFG00000000912,RXRB,retinoid X receptor beta ,ENSG00000204231,ENSMUSG00000039656,CGACAFTENSMUST00000116612,predicted,CGATENSMUST00000116612,predicted,ENSMUST00000116612,known
ENSCAFG00000006510,EML4,EMAP like 4 ,ENSG00000143924,ENSMUSG00000032624,ENSCAFT00000010521,known,ENST00000318522,known,CGAMUSTENST00000318522,predicted
ENSCAFG00000006510,EML4,EMAP like 4 ,ENSG00000143924,ENSMUSG00000032624,CGACAFTENST00000402711,predicted,ENST00000402711,known,ENSMUST00000112363,known
ENSCAFG00000006510,EML4,EMAP like 4 ,ENSG00000143924,ENSMUSG00000032624,CGACAFTENSMUST00000096766,predicted,CGATENSMUST00000096766,predicted,ENSMUST00000096766,known
ENSCAFG00000006510,EML4,EMAP like 4 ,ENSG00000143924,ENSMUSG00000032624,CGACAFTENSMUST00000049503,predicted,CGATENSMUST00000049503,predicted,ENSMUST00000049503,known
ENSCAFG00000017311,TPM3,tropomyosin 3 ,ENSG00000143549,ENSMUSG00000027940,ENSCAFT00000027448,known,Na,known,Na,known
ENSCAFG00000017311,TPM3,tropomyosin 3 ,ENSG00000143549,ENSMUSG00000027940,ENSCAFT00000027452,known,ENST00000330188,known,CGAMUSTENST00000330188,predicted
ENSCAFG00000017311,TPM3,tropomyosin 3 ,ENSG00000143549,ENSMUSG00000027940,CGACAFTENST00000368533,predicted,ENST00000368533,known,ENSMUST00000029549,known
ENSCAFG00000017311,TPM3,tropomyosin 3 ,ENSG00000143549,ENSMUSG00000027940,CGACAFTENST00000328159,predicted,ENST00000328159,known,CGAMUSTENST00000328159,predicted
ENSCAFG00000017311,TPM3,tropomyosin 3 ,ENSG00000143549,ENSMUSG00000027940,CGACAFTENST00000302206,predicted,ENST00000302206,known,CGAMUSTENST00000302206,predicted
ENSCAFG00000017311,TPM3,tropomyosin 3 ,ENSG00000143549,ENSMUSG00000027940,CGACAFTENST00000368531,predicted,ENST00000368531,known,CGAMUSTENST00000368531,predicted
ENSCAFG00000017311,TPM3,tropomyosin 3 ,ENSG00000143549,ENSMUSG00000027940,CGACAFTENST00000323144,predicted,ENST00000323144,known,ENSMUST00000119158,known
ENSCAFG00000017311,TPM3,tropomyosin 3 ,ENSG00000143549,ENSMUSG00000027940,CGACAFTENST00000368530,predicted,ENST00000368530,known,CGAMUSTENST00000368530,predicted
ENSCAFG00000017311,TPM3,tropomyosin 3 ,ENSG00000143549,ENSMUSG00000027940,CGACAFTENST00000611659,predicted,ENST00000611659,known,CGAMUSTENST00000611659,predicted
ENSCAFG00000017311,TPM3,tropomyosin 3 ,ENSG00000143549,ENSMUSG00000027940,CGACAFTENSMUST00000119570,predicted,CGATENSMUST00000119570,predicted,ENSMUST00000119570,known
ENSCAFG00000020091,SLC25A25,solute carrier family 25 member 25 ,ENSG00000148339,ENSMUSG00000026819,ENSCAFT00000031982,known,ENST00000373068,known,ENSMUST00000113310,known
ENSCAFG00000020091,SLC25A25,solute carrier family 25 member 25 ,ENSG00000148339,ENSMUSG00000026819,CGACAFTENST00000373069,predicted,ENST00000373069,known,ENSMUST00000028160,known
ENSCAFG00000020091,SLC25A25,solute carrier family 25 member 25 ,ENSG00000148339,ENSMUSG00000026819,CGACAFTENST00000373066,predicted,ENST00000373066,known,ENSMUST00000052119,known
ENSCAFG00000020091,SLC25A25,solute carrier family 25 member 25 ,ENSG00000148339,ENSMUSG00000026819,CGACAFTENST00000432073,predicted,ENST00000432073,known,CGAMUSTENST00000432073,predicted
ENSCAFG00000020091,SLC25A25,solute carrier family 25 member 25 ,ENSG00000148339,ENSMUSG00000026819,CGACAFTENST00000373064,predicted,ENST00000373064,known,ENSMUST00000113307,known
ENSCAFG00000003589,PRMT1,protein arginine methyltransferase 1 ,ENSG00000126457,ENSMUSG00000109324,ENSCAFT00000005773,known,ENST00000454376,known,ENSMUST00000107843,known
ENSCAFG00000003589,PRMT1,protein arginine methyltransferase 1 ,ENSG00000126457,ENSMUSG00000109324,CGACAFTENST00000391851,predicted,ENST00000391851,known,ENSMUST00000207370,known
ENSCAFG00000003589,PRMT1,protein arginine methyltransferase 1 ,ENSG00000126457,ENSMUSG00000109324,CGACAFTENST00000610806,predicted,ENST00000610806,known,CGAMUSTENST00000610806,predicted
ENSCAFG00000003589,PRMT1,protein arginine methyltransferase 1 ,ENSG00000126457,ENSMUSG00000109324,CGACAFTENSMUST00000207659,predicted,CGATENSMUST00000207659,predicted,ENSMUST00000207659,known
ENSCAFG00000008894,PTPN11,protein tyrosine phosphatase non-receptor type 11 ,ENSG00000179295,ENSMUSG00000043733,ENSCAFT00000014133,known,ENST00000351677,known,ENSMUST00000100770,known
ENSCAFG00000008894,PTPN11,protein tyrosine phosphatase non-receptor type 11 ,ENSG00000179295,ENSMUSG00000043733,CGACAFTENST00000392597,predicted,ENST00000392597,known,CGAMUSTENST00000392597,predicted
ENSCAFG00000008894,PTPN11,protein tyrosine phosphatase non-receptor type 11 ,ENSG00000179295,ENSMUSG00000043733,CGACAFTENST00000635625,predicted,ENST00000635625,known,ENSMUST00000054547,known
ENSCAFG00000019290,PDZD4,PDZ domain containing 4 ,ENSG00000067840,ENSMUSG00000002006,ENSCAFT00000030629,known,ENST00000164640,known,CGAMUSTENST00000164640,predicted
ENSCAFG00000019290,PDZD4,PDZ domain containing 4 ,ENSG00000067840,ENSMUSG00000002006,CGACAFTENST00000544474,predicted,ENST00000544474,known,ENSMUST00000114438,known
ENSCAFG00000019290,PDZD4,PDZ domain containing 4 ,ENSG00000067840,ENSMUSG00000002006,CGACAFTENST00000393758,predicted,ENST00000393758,known,ENSMUST00000002080,known
ENSCAFG00000009303,FBXO21,F-box protein 21 ,ENSG00000135108,ENSMUSG00000032898,ENSCAFT00000014796,known,ENST00000622495,known,ENSMUST00000035579,known
ENSCAFG00000009303,FBXO21,F-box protein 21 ,ENSG00000135108,ENSMUSG00000032898,CGACAFTENST00000330622,predicted,ENST00000330622,known,ENSMUST00000202447,known
ENSCAFG00000009879,BTRC,beta-transducin repeat containing E3 ubiquitin protein ligase ,ENSG00000166167,ENSMUSG00000025217,ENSCAFT00000015696,known,ENST00000370187,known,ENSMUST00000065601,known
ENSCAFG00000009879,BTRC,beta-transducin repeat containing E3 ubiquitin protein ligase ,ENSG00000166167,ENSMUSG00000025217,CGACAFTENST00000408038,predicted,ENST00000408038,known,ENSMUST00000111936,known
ENSCAFG00000009879,BTRC,beta-transducin repeat containing E3 ubiquitin protein ligase ,ENSG00000166167,ENSMUSG00000025217,CGACAFTENST00000393441,predicted,ENST00000393441,known,CGAMUSTENST00000393441,predicted
ENSCAFG00000017039,ENSCAFG00000017039,- Gene - NCBI,ENSG00000149930,ENSMUSG00000059981,ENSCAFT00000045721,known,ENST00000279394,known,CGAMUSTENST00000279394,predicted
ENSCAFG00000017039,ENSCAFG00000017039,- Gene - NCBI,ENSG00000149930,ENSMUSG00000059981,ENSCAFT00000026995,known,ENST00000308893,known,CGAMUSTENST00000308893,predicted
ENSCAFG00000017039,ENSCAFG00000017039,- Gene - NCBI,ENSG00000149930,ENSMUSG00000059981,CGACAFTENST00000543033,predicted,ENST00000543033,known,CGAMUSTENST00000543033,predicted
ENSCAFG00000017039,ENSCAFG00000017039,- Gene - NCBI,ENSG00000149930,ENSMUSG00000059981,CGACAFTENSMUST00000071268,predicted,CGATENSMUST00000071268,predicted,ENSMUST00000071268,known
ENSCAFG00000017039,ENSCAFG00000017039,- Gene - NCBI,ENSG00000149930,ENSMUSG00000059981,CGACAFTENSMUST00000117394,predicted,CGATENSMUST00000117394,predicted,ENSMUST00000117394,known
ENSCAFG00000003024,SYNCRIP,synaptotagmin binding cytoplasmic RNA interacting protein ,ENSG00000135316,ENSMUSG00000032423,ENSCAFT00000004869,known,ENST00000355238,known,ENSMUST00000069221,known
ENSCAFG00000003024,SYNCRIP,synaptotagmin binding cytoplasmic RNA interacting protein ,ENSG00000135316,ENSMUSG00000032423,CGACAFTENST00000369622,predicted,ENST00000369622,known,ENSMUST00000173801,known
ENSCAFG00000003024,SYNCRIP,synaptotagmin binding cytoplasmic RNA interacting protein ,ENSG00000135316,ENSMUSG00000032423,CGACAFTENST00000616122,predicted,ENST00000616122,known,ENSMUST00000174391,known
ENSCAFG00000003024,SYNCRIP,synaptotagmin binding cytoplasmic RNA interacting protein ,ENSG00000135316,ENSMUSG00000032423,CGACAFTENSMUST00000174282,predicted,CGATENSMUST00000174282,predicted,ENSMUST00000174282,known
ENSCAFG00000023538,SRRT,serrate RNA effector molecule ,ENSG00000087087,ENSMUSG00000037364,ENSCAFT00000022237,known,ENST00000611405,known,ENSMUST00000040873,known
ENSCAFG00000023538,SRRT,serrate RNA effector molecule ,ENSG00000087087,ENSMUSG00000037364,CGACAFTENST00000618262,predicted,ENST00000618262,known,CGAMUSTENST00000618262,predicted
ENSCAFG00000023538,SRRT,serrate RNA effector molecule ,ENSG00000087087,ENSMUSG00000037364,CGACAFTENST00000614484,predicted,ENST00000614484,known,CGAMUSTENST00000614484,predicted
ENSCAFG00000023538,SRRT,serrate RNA effector molecule ,ENSG00000087087,ENSMUSG00000037364,CGACAFTENST00000618411,predicted,ENST00000618411,known,CGAMUSTENST00000618411,predicted
ENSCAFG00000023538,SRRT,serrate RNA effector molecule ,ENSG00000087087,ENSMUSG00000037364,CGACAFTENSMUST00000199243,predicted,CGATENSMUST00000199243,predicted,ENSMUST00000199243,known
ENSCAFG00000023538,SRRT,serrate RNA effector molecule ,ENSG00000087087,ENSMUSG00000037364,CGACAFTENSMUST00000197466,predicted,CGATENSMUST00000197466,predicted,ENSMUST00000197466,known
ENSCAFG00000001635,MLLT3,MLLT3 super elongation complex subunit ,ENSG00000171843,ENSMUSG00000028496,ENSCAFT00000002592,known,ENST00000380338,known,ENSMUST00000078090,known
ENSCAFG00000001635,MLLT3,MLLT3 super elongation complex subunit ,ENSG00000171843,ENSMUSG00000028496,CGACAFTENST00000630269,predicted,ENST00000630269,known,CGAMUSTENST00000630269,predicted
ENSCAFG00000001635,MLLT3,MLLT3 super elongation complex subunit ,ENSG00000171843,ENSMUSG00000028496,CGACAFTENSMUST00000126353,predicted,CGATENSMUST00000126353,predicted,ENSMUST00000126353,known
ENSCAFG00000001635,MLLT3,MLLT3 super elongation complex subunit ,ENSG00000171843,ENSMUSG00000028496,CGACAFTENSMUST00000149357,predicted,CGATENSMUST00000149357,predicted,ENSMUST00000149357,known
ENSCAFG00000014818,PPP3CB,protein phosphatase 3 catalytic subunit beta ,ENSG00000107758,ENSMUSG00000021816,ENSCAFT00000023521,known,ENST00000360663,known,ENSMUST00000161445,known
ENSCAFG00000014818,PPP3CB,protein phosphatase 3 catalytic subunit beta ,ENSG00000107758,ENSMUSG00000021816,CGACAFTENST00000394829,predicted,ENST00000394829,known,ENSMUST00000159027,known
ENSCAFG00000014818,PPP3CB,protein phosphatase 3 catalytic subunit beta ,ENSG00000107758,ENSMUSG00000021816,CGACAFTENST00000394828,predicted,ENST00000394828,known,ENSMUST00000022355,known
ENSCAFG00000011643,AP1AR,adaptor related protein complex 1 associated regulatory protein ,ENSG00000138660,ENSMUSG00000074238,ENSCAFT00000018483,known,ENST00000274000,known,ENSMUST00000051737,known
ENSCAFG00000011643,AP1AR,adaptor related protein complex 1 associated regulatory protein ,ENSG00000138660,ENSMUSG00000074238,CGACAFTENST00000309703,predicted,ENST00000309703,known,ENSMUST00000200409,known
ENSCAFG00000004443,FOSB,FosB proto-oncogene, AP-1 transcription factor subunit ,ENSG00000125740,ENSMUSG00000003545,ENSCAFT00000007160,known,ENST00000353609,known,ENSMUST00000003640,known
ENSCAFG00000004443,FOSB,FosB proto-oncogene, AP-1 transcription factor subunit ,ENSG00000125740,ENSMUSG00000003545,CGACAFTENST00000417353,predicted,ENST00000417353,known,CGAMUSTENST00000417353,predicted
ENSCAFG00000004443,FOSB,FosB proto-oncogene, AP-1 transcription factor subunit ,ENSG00000125740,ENSMUSG00000003545,CGACAFTENSMUST00000208446,predicted,CGATENSMUST00000208446,predicted,ENSMUST00000208446,known
ENSCAFG00000003793,SESN1,sestrin 1 ,ENSG00000080546,ENSMUSG00000038332,ENSCAFT00000035517,known,ENST00000436639,known,ENSMUST00000099931,known
ENSCAFG00000003793,SESN1,sestrin 1 ,ENSG00000080546,ENSMUSG00000038332,CGACAFTENST00000302071,predicted,ENST00000302071,known,CGAMUSTENST00000302071,predicted
ENSCAFG00000003793,SESN1,sestrin 1 ,ENSG00000080546,ENSMUSG00000038332,CGACAFTENST00000356644,predicted,ENST00000356644,known,ENSMUST00000041438,known
ENSCAFG00000020080,PTBP2,polypyrimidine tract binding protein 2 ,ENSG00000117569,ENSMUSG00000028134,ENSCAFT00000031985,known,ENST00000609116,known,ENSMUST00000029780,known
ENSCAFG00000020080,PTBP2,polypyrimidine tract binding protein 2 ,ENSG00000117569,ENSMUSG00000028134,CGACAFTENST00000370198,predicted,ENST00000370198,known,CGAMUSTENST00000370198,predicted
ENSCAFG00000020080,PTBP2,polypyrimidine tract binding protein 2 ,ENSG00000117569,ENSMUSG00000028134,CGACAFTENST00000370197,predicted,ENST00000370197,known,CGAMUSTENST00000370197,predicted
ENSCAFG00000020080,PTBP2,polypyrimidine tract binding protein 2 ,ENSG00000117569,ENSMUSG00000028134,CGACAFTENST00000426398,predicted,ENST00000426398,known,ENSMUST00000200097,known
ENSCAFG00000011777,APH1A,aph-1 homolog A, gamma-secretase subunit ,ENSG00000117362,ENSMUSG00000015750,ENSCAFT00000018712,known,ENST00000369109,known,ENSMUST00000056710,known
ENSCAFG00000011777,APH1A,aph-1 homolog A, gamma-secretase subunit ,ENSG00000117362,ENSMUSG00000015750,CGACAFTENST00000360244,predicted,ENST00000360244,known,ENSMUST00000015894,known
ENSCAFG00000011777,APH1A,aph-1 homolog A, gamma-secretase subunit ,ENSG00000117362,ENSMUSG00000015750,CGACAFTENST00000414276,predicted,ENST00000414276,known,CGAMUSTENST00000414276,predicted
ENSCAFG00000001505,UBE2H,ubiquitin conjugating enzyme E2 H ,ENSG00000186591,ENSMUSG00000039159,ENSCAFT00000002348,known,ENST00000355621,known,ENSMUST00000102993,known
ENSCAFG00000001505,UBE2H,ubiquitin conjugating enzyme E2 H ,ENSG00000186591,ENSMUSG00000039159,CGACAFTENST00000473814,predicted,ENST00000473814,known,ENSMUST00000094543,known
ENSCAFG00000001580,NFYA,nuclear transcription factor Y subunit alpha ,ENSG00000001167,ENSMUSG00000023994,ENSCAFT00000002475,known,CGATENSMUST00000078800,predicted,ENSMUST00000078800,known
ENSCAFG00000001580,NFYA,nuclear transcription factor Y subunit alpha ,ENSG00000001167,ENSMUSG00000023994,CGACAFTENST00000341376,predicted,ENST00000341376,known,ENSMUST00000046719,known
ENSCAFG00000001580,NFYA,nuclear transcription factor Y subunit alpha ,ENSG00000001167,ENSMUSG00000023994,CGACAFTENST00000353205,predicted,ENST00000353205,known,ENSMUST00000162460,known
ENSCAFG00000001580,NFYA,nuclear transcription factor Y subunit alpha ,ENSG00000001167,ENSMUSG00000023994,CGACAFTENSMUST00000159063,predicted,CGATENSMUST00000159063,predicted,ENSMUST00000159063,known
ENSCAFG00000010821,TMTC1,transmembrane O-mannosyltransferase targeting cadherins 1 ,ENSG00000133687,ENSMUSG00000030306,ENSCAFT00000017221,known,CGATENSMUST00000060095,predicted,ENSMUST00000060095,known
ENSCAFG00000010821,TMTC1,transmembrane O-mannosyltransferase targeting cadherins 1 ,ENSG00000133687,ENSMUSG00000030306,CGACAFTENST00000256062,predicted,ENST00000256062,known,CGAMUSTENST00000256062,predicted
ENSCAFG00000010821,TMTC1,transmembrane O-mannosyltransferase targeting cadherins 1 ,ENSG00000133687,ENSMUSG00000030306,CGACAFTENST00000539277,predicted,ENST00000539277,known,CGAMUSTENST00000539277,predicted
ENSCAFG00000010821,TMTC1,transmembrane O-mannosyltransferase targeting cadherins 1 ,ENSG00000133687,ENSMUSG00000030306,CGACAFTENSMUST00000100772,predicted,CGATENSMUST00000100772,predicted,ENSMUST00000100772,known
ENSCAFG00000003709,CD37,CD37 molecule ,ENSG00000104894,ENSMUSG00000030798,ENSCAFT00000045237,known,ENST00000323906,known,ENSMUST00000098461,known
ENSCAFG00000003709,CD37,CD37 molecule ,ENSG00000104894,ENSMUSG00000030798,ENSCAFT00000005965,known,CGATENSMUST00000033063,predicted,ENSMUST00000033063,known
ENSCAFG00000003709,CD37,CD37 molecule ,ENSG00000104894,ENSMUSG00000030798,CGACAFTENST00000426897,predicted,ENST00000426897,known,CGAMUSTENST00000426897,predicted
ENSCAFG00000015002,PRRX1,paired related homeobox 1 ,ENSG00000116132,ENSMUSG00000026586,ENSCAFT00000049641,known,ENST00000367760,known,ENSMUST00000075805,known
ENSCAFG00000015002,PRRX1,paired related homeobox 1 ,ENSG00000116132,ENSMUSG00000026586,ENSCAFT00000023797,known,ENST00000239461,known,ENSMUST00000027878,known
ENSCAFG00000015002,PRRX1,paired related homeobox 1 ,ENSG00000116132,ENSMUSG00000026586,CGACAFTENSMUST00000174397,predicted,CGATENSMUST00000174397,predicted,ENSMUST00000174397,known
ENSCAFG00000010644,PPP3CA,protein phosphatase 3 catalytic subunit alpha ,ENSG00000138814,ENSMUSG00000028161,ENSCAFT00000016916,known,ENST00000394854,known,ENSMUST00000056758,known
ENSCAFG00000010644,PPP3CA,protein phosphatase 3 catalytic subunit alpha ,ENSG00000138814,ENSMUSG00000028161,ENSCAFT00000014940,known,ENST00000394853,known,ENSMUST00000070198,known
ENSCAFG00000010644,PPP3CA,protein phosphatase 3 catalytic subunit alpha ,ENSG00000138814,ENSMUSG00000028161,CGACAFTENST00000323055,predicted,ENST00000323055,known,CGAMUSTENST00000323055,predicted
ENSCAFG00000017069,EFNA1,ephrin A1 ,ENSG00000169242,ENSMUSG00000027954,ENSCAFT00000027032,known,ENST00000368407,known,ENSMUST00000029566,known
ENSCAFG00000017069,EFNA1,ephrin A1 ,ENSG00000169242,ENSMUSG00000027954,CGACAFTENST00000368406,predicted,ENST00000368406,known,CGAMUSTENST00000368406,predicted
ENSCAFG00000017069,EFNA1,ephrin A1 ,ENSG00000169242,ENSMUSG00000027954,CGACAFTENSMUST00000118587,predicted,CGATENSMUST00000118587,predicted,ENSMUST00000118587,known
ENSCAFG00000002821,YTHDC1,YTH domain containing 1 ,ENSG00000083896,ENSMUSG00000035851,ENSCAFT00000004512,known,ENST00000344157,known,ENSMUST00000120498,known
ENSCAFG00000002821,YTHDC1,YTH domain containing 1 ,ENSG00000083896,ENSMUSG00000035851,CGACAFTENST00000355665,predicted,ENST00000355665,known,ENSMUST00000119339,known
ENSCAFG00000002821,YTHDC1,YTH domain containing 1 ,ENSG00000083896,ENSMUSG00000035851,CGACAFTENST00000579690,predicted,ENST00000579690,known,ENSMUST00000038384,known
ENSCAFG00000018147,SS18,SS18 subunit of BAF chromatin remodeling complex ,ENSG00000141380,ENSMUSG00000037013,ENSCAFT00000028827,known,ENST00000415083,known,ENSMUST00000040924,known
ENSCAFG00000018147,SS18,SS18 subunit of BAF chromatin remodeling complex ,ENSG00000141380,ENSMUSG00000037013,CGACAFTENST00000542420,predicted,ENST00000542420,known,CGAMUSTENST00000542420,predicted
ENSCAFG00000018147,SS18,SS18 subunit of BAF chromatin remodeling complex ,ENSG00000141380,ENSMUSG00000037013,CGACAFTENST00000269137,predicted,ENST00000269137,known,ENSMUST00000092041,known
ENSCAFG00000018147,SS18,SS18 subunit of BAF chromatin remodeling complex ,ENSG00000141380,ENSMUSG00000037013,CGACAFTENSMUST00000040964,predicted,CGATENSMUST00000040964,predicted,ENSMUST00000040964,known
ENSCAFG00000018163,CAMK2A,calcium/calmodulin dependent protein kinase II alpha ,ENSG00000070808,ENSMUSG00000024617,ENSCAFT00000028867,known,ENST00000348628,known,ENSMUST00000102888,known
ENSCAFG00000018163,CAMK2A,calcium/calmodulin dependent protein kinase II alpha ,ENSG00000070808,ENSMUSG00000024617,CGACAFTENST00000398376,predicted,ENST00000398376,known,CGAMUSTENST00000398376,predicted
ENSCAFG00000018163,CAMK2A,calcium/calmodulin dependent protein kinase II alpha ,ENSG00000070808,ENSMUSG00000024617,CGACAFTENSMUST00000115295,predicted,CGATENSMUST00000115295,predicted,ENSMUST00000115295,known
ENSCAFG00000018163,CAMK2A,calcium/calmodulin dependent protein kinase II alpha ,ENSG00000070808,ENSMUSG00000024617,CGACAFTENSMUST00000039904,predicted,CGATENSMUST00000039904,predicted,ENSMUST00000039904,known
ENSCAFG00000006091,KITLG,KIT ligand ,ENSG00000049130,ENSMUSG00000019966,ENSCAFT00000009854,known,ENST00000228280,known,ENSMUST00000105283,known
ENSCAFG00000006091,KITLG,KIT ligand ,ENSG00000049130,ENSMUSG00000019966,CGACAFTENST00000347404,predicted,ENST00000347404,known,ENSMUST00000020129,known
ENSCAFG00000001435,UBQLN1,ubiquilin 1 ,ENSG00000135018,ENSMUSG00000005312,ENSCAFT00000002236,known,ENST00000376395,known,ENSMUST00000058735,known
ENSCAFG00000001435,UBQLN1,ubiquilin 1 ,ENSG00000135018,ENSMUSG00000005312,ENSCAFT00000002233,known,Na,known,Na,known
ENSCAFG00000001435,UBQLN1,ubiquilin 1 ,ENSG00000135018,ENSMUSG00000005312,CGACAFTENST00000257468,predicted,ENST00000257468,known,ENSMUST00000076454,known
ENSCAFG00000016689,CLTB,clathrin light chain B ,ENSG00000175416,ENSMUSG00000047547,ENSCAFT00000026430,known,ENST00000310418,known,ENSMUST00000049575,known
ENSCAFG00000016689,CLTB,clathrin light chain B ,ENSG00000175416,ENSMUSG00000047547,CGACAFTENST00000345807,predicted,ENST00000345807,known,ENSMUST00000091609,known
ENSCAFG00000017085,RAD23A,RAD23 homolog A, nucleotide excision repair protein ,ENSG00000179262,ENSMUSG00000003813,ENSCAFT00000027066,known,ENST00000316856,known,ENSMUST00000003911,known
ENSCAFG00000017085,RAD23A,RAD23 homolog A, nucleotide excision repair protein ,ENSG00000179262,ENSMUSG00000003813,CGACAFTENST00000586534,predicted,ENST00000586534,known,ENSMUST00000109761,known
ENSCAFG00000017085,RAD23A,RAD23 homolog A, nucleotide excision repair protein ,ENSG00000179262,ENSMUSG00000003813,CGACAFTENST00000592268,predicted,ENST00000592268,known,CGAMUSTENST00000592268,predicted
ENSCAFG00000014625,AAMP,angio associated migratory cell protein ,ENSG00000127837,ENSMUSG00000006299,ENSCAFT00000023220,known,ENST00000248450,known,ENSMUST00000006462,known
ENSCAFG00000014625,AAMP,angio associated migratory cell protein ,ENSG00000127837,ENSMUSG00000006299,CGACAFTENST00000444053,predicted,ENST00000444053,known,ENSMUST00000178235,known
ENSCAFG00000011801,PHACTR4,phosphatase and actin regulator 4 ,ENSG00000204138,ENSMUSG00000066043,ENSCAFT00000042737,known,ENST00000373839,known,ENSMUST00000102568,known
ENSCAFG00000011801,PHACTR4,phosphatase and actin regulator 4 ,ENSG00000204138,ENSMUSG00000066043,ENSCAFT00000018754,known,Na,known,Na,known
ENSCAFG00000011801,PHACTR4,phosphatase and actin regulator 4 ,ENSG00000204138,ENSMUSG00000066043,CGACAFTENST00000373836,predicted,ENST00000373836,known,CGAMUSTENST00000373836,predicted
ENSCAFG00000011801,PHACTR4,phosphatase and actin regulator 4 ,ENSG00000204138,ENSMUSG00000066043,CGACAFTENSMUST00000084170,predicted,CGATENSMUST00000084170,predicted,ENSMUST00000084170,known
ENSCAFG00000009721,ALCAM,activated leukocyte cell adhesion molecule ,ENSG00000170017,ENSMUSG00000022636,ENSCAFT00000015434,known,ENST00000306107,known,ENSMUST00000023312,known
ENSCAFG00000009721,ALCAM,activated leukocyte cell adhesion molecule ,ENSG00000170017,ENSMUSG00000022636,CGACAFTENST00000472644,predicted,ENST00000472644,known,ENSMUST00000170035,known
ENSCAFG00000011752,ATG16L1,autophagy related 16 like 1 ,ENSG00000085978,ENSMUSG00000026289,ENSCAFT00000018720,known,ENST00000392017,known,ENSMUST00000027512,known
ENSCAFG00000011752,ATG16L1,autophagy related 16 like 1 ,ENSG00000085978,ENSMUSG00000026289,CGACAFTENST00000392020,predicted,ENST00000392020,known,ENSMUST00000113186,known
ENSCAFG00000011752,ATG16L1,autophagy related 16 like 1 ,ENSG00000085978,ENSMUSG00000026289,CGACAFTENST00000347464,predicted,ENST00000347464,known,CGAMUSTENST00000347464,predicted
ENSCAFG00000011752,ATG16L1,autophagy related 16 like 1 ,ENSG00000085978,ENSMUSG00000026289,CGACAFTENSMUST00000113190,predicted,CGATENSMUST00000113190,predicted,ENSMUST00000113190,known
ENSCAFG00000011694,SEZ6L,seizure related 6 homolog like ,ENSG00000100095,ENSMUSG00000058153,ENSCAFT00000018602,known,ENST00000248933,known,CGAMUSTENST00000248933,predicted
ENSCAFG00000011694,SEZ6L,seizure related 6 homolog like ,ENSG00000100095,ENSMUSG00000058153,CGACAFTENST00000404234,predicted,ENST00000404234,known,ENSMUST00000079491,known
ENSCAFG00000011694,SEZ6L,seizure related 6 homolog like ,ENSG00000100095,ENSMUSG00000058153,CGACAFTENST00000360929,predicted,ENST00000360929,known,CGAMUSTENST00000360929,predicted
ENSCAFG00000011694,SEZ6L,seizure related 6 homolog like ,ENSG00000100095,ENSMUSG00000058153,CGACAFTENST00000629590,predicted,ENST00000629590,known,CGAMUSTENST00000629590,predicted
ENSCAFG00000011694,SEZ6L,seizure related 6 homolog like ,ENSG00000100095,ENSMUSG00000058153,CGACAFTENST00000343706,predicted,ENST00000343706,known,CGAMUSTENST00000343706,predicted
ENSCAFG00000011694,SEZ6L,seizure related 6 homolog like ,ENSG00000100095,ENSMUSG00000058153,CGACAFTENST00000529632,predicted,ENST00000529632,known,CGAMUSTENST00000529632,predicted
ENSCAFG00000011694,SEZ6L,seizure related 6 homolog like ,ENSG00000100095,ENSMUSG00000058153,CGACAFTENSMUST00000075387,predicted,CGATENSMUST00000075387,predicted,ENSMUST00000075387,known
ENSCAFG00000011694,SEZ6L,seizure related 6 homolog like ,ENSG00000100095,ENSMUSG00000058153,CGACAFTENSMUST00000197425,predicted,CGATENSMUST00000197425,predicted,ENSMUST00000197425,known
ENSCAFG00000001229,ILRUN,inflammation and lipid regulator with UBA-like and NBR1-like domains ,ENSG00000196821,ENSMUSG00000056692,ENSCAFT00000001910,known,ENST00000374023,known,ENSMUST00000114863,known
ENSCAFG00000001229,ILRUN,inflammation and lipid regulator with UBA-like and NBR1-like domains ,ENSG00000196821,ENSMUSG00000056692,CGACAFTENST00000374026,predicted,ENST00000374026,known,CGAMUSTENST00000374026,predicted
ENSCAFG00000001229,ILRUN,inflammation and lipid regulator with UBA-like and NBR1-like domains ,ENSG00000196821,ENSMUSG00000056692,CGACAFTENSMUST00000114859,predicted,CGATENSMUST00000114859,predicted,ENSMUST00000114859,known
ENSCAFG00000005904,FEZ2,fasciculation and elongation protein zeta 2 ,ENSG00000171055,ENSMUSG00000056121,ENSCAFT00000009525,known,ENST00000405912,known,ENSMUST00000070039,known
ENSCAFG00000005904,FEZ2,fasciculation and elongation protein zeta 2 ,ENSG00000171055,ENSMUSG00000056121,ENSCAFT00000009524,known,ENST00000379245,known,ENSMUST00000112487,known
ENSCAFG00000000160,NAB2,NGFI-A binding protein 2 ,ENSG00000166886,ENSMUSG00000025402,ENSCAFT00000000260,known,ENST00000300131,known,ENSMUST00000026469,known
ENSCAFG00000000160,NAB2,NGFI-A binding protein 2 ,ENSG00000166886,ENSMUSG00000025402,CGACAFTENST00000342556,predicted,ENST00000342556,known,ENSMUST00000099157,known
ENSCAFG00000008467,EDIL3,EGF like repeats and discoidin domains 3 ,ENSG00000164176,ENSMUSG00000034488,ENSCAFT00000013454,known,ENST00000296591,known,ENSMUST00000081769,known
ENSCAFG00000008467,EDIL3,EGF like repeats and discoidin domains 3 ,ENSG00000164176,ENSMUSG00000034488,CGACAFTENST00000380138,predicted,ENST00000380138,known,ENSMUST00000043111,known
ENSCAFG00000003452,KLHL32,kelch like family member 32 ,ENSG00000186231,ENSMUSG00000040387,ENSCAFT00000005545,known,ENST00000369261,known,ENSMUST00000108218,known
ENSCAFG00000003452,KLHL32,kelch like family member 32 ,ENSG00000186231,ENSMUSG00000040387,CGACAFTENST00000536676,predicted,ENST00000536676,known,CGAMUSTENST00000536676,predicted
ENSCAFG00000003452,KLHL32,kelch like family member 32 ,ENSG00000186231,ENSMUSG00000040387,CGACAFTENST00000620278,predicted,ENST00000620278,known,CGAMUSTENST00000620278,predicted
ENSCAFG00000003452,KLHL32,kelch like family member 32 ,ENSG00000186231,ENSMUSG00000040387,CGACAFTENST00000539200,predicted,ENST00000539200,known,CGAMUSTENST00000539200,predicted
ENSCAFG00000003452,KLHL32,kelch like family member 32 ,ENSG00000186231,ENSMUSG00000040387,CGACAFTENSMUST00000084781,predicted,CGATENSMUST00000084781,predicted,ENSMUST00000084781,known
ENSCAFG00000013482,CADM1,cell adhesion molecule 1 ,ENSG00000182985,ENSMUSG00000032076,ENSCAFT00000021391,known,CGATENSCAFT00000021391,predicted,CGAMUSTENSCAFT00000021391,predicted
ENSCAFG00000013482,CADM1,cell adhesion molecule 1 ,ENSG00000182985,ENSMUSG00000032076,ENSCAFT00000021394,known,Na,known,Na,known
ENSCAFG00000013482,CADM1,cell adhesion molecule 1 ,ENSG00000182985,ENSMUSG00000032076,ENSCAFT00000021397,known,Na,known,Na,known
ENSCAFG00000013482,CADM1,cell adhesion molecule 1 ,ENSG00000182985,ENSMUSG00000032076,CGACAFTENST00000452722,predicted,ENST00000452722,known,ENSMUST00000114547,known
ENSCAFG00000013482,CADM1,cell adhesion molecule 1 ,ENSG00000182985,ENSMUSG00000032076,CGACAFTENST00000542447,predicted,ENST00000542447,known,ENSMUST00000034581,known
ENSCAFG00000013482,CADM1,cell adhesion molecule 1 ,ENSG00000182985,ENSMUSG00000032076,CGACAFTENST00000537058,predicted,ENST00000537058,known,ENSMUST00000085909,known
ENSCAFG00000013482,CADM1,cell adhesion molecule 1 ,ENSG00000182985,ENSMUSG00000032076,CGACAFTENST00000536727,predicted,ENST00000536727,known,CGAMUSTENST00000536727,predicted
ENSCAFG00000013482,CADM1,cell adhesion molecule 1 ,ENSG00000182985,ENSMUSG00000032076,CGACAFTENST00000331581,predicted,ENST00000331581,known,ENSMUST00000152459,known
ENSCAFG00000013482,CADM1,cell adhesion molecule 1 ,ENSG00000182985,ENSMUSG00000032076,CGACAFTENSMUST00000114548,predicted,CGATENSMUST00000114548,predicted,ENSMUST00000114548,known
ENSCAFG00000015047,IFFO1,intermediate filament family orphan 1 ,ENSG00000010295,ENSMUSG00000038271,ENSCAFT00000023912,known,ENST00000356896,known,CGAMUSTENST00000356896,predicted
ENSCAFG00000015047,IFFO1,intermediate filament family orphan 1 ,ENSG00000010295,ENSMUSG00000038271,CGACAFTENST00000336604,predicted,ENST00000336604,known,ENSMUST00000117675,known
ENSCAFG00000015047,IFFO1,intermediate filament family orphan 1 ,ENSG00000010295,ENSMUSG00000038271,CGACAFTENST00000396840,predicted,ENST00000396840,known,ENSMUST00000119527,known
ENSCAFG00000015047,IFFO1,intermediate filament family orphan 1 ,ENSG00000010295,ENSMUSG00000038271,CGACAFTENST00000619571,predicted,ENST00000619571,known,CGAMUSTENST00000619571,predicted
ENSCAFG00000004989,ACOX1,acyl-CoA oxidase 1 ,ENSG00000161533,ENSMUSG00000020777,ENSCAFT00000008030,known,ENST00000293217,known,ENSMUST00000066587,known
ENSCAFG00000004989,ACOX1,acyl-CoA oxidase 1 ,ENSG00000161533,ENSMUSG00000020777,ENSCAFT00000008028,known,ENST00000301608,known,ENSMUST00000072948,known
ENSCAFG00000029431,SYNPR,synaptoporin ,ENSG00000163630,ENSMUSG00000056296,ENSCAFT00000044457,known,ENST00000478300,known,ENSMUST00000070323,known
ENSCAFG00000029431,SYNPR,synaptoporin ,ENSG00000163630,ENSMUSG00000056296,CGACAFTENST00000295894,predicted,ENST00000295894,known,ENSMUST00000112656,known
ENSCAFG00000011705,CRTAM,cytotoxic and regulatory T cell molecule ,ENSG00000109943,ENSMUSG00000032021,ENSCAFT00000018571,known,ENST00000227348,known,ENSMUST00000180384,known
ENSCAFG00000011705,CRTAM,cytotoxic and regulatory T cell molecule ,ENSG00000109943,ENSMUSG00000032021,CGACAFTENST00000533709,predicted,ENST00000533709,known,CGAMUSTENST00000533709,predicted
ENSCAFG00000011705,CRTAM,cytotoxic and regulatory T cell molecule ,ENSG00000109943,ENSMUSG00000032021,CGACAFTENSMUST00000188848,predicted,CGATENSMUST00000188848,predicted,ENSMUST00000188848,known
ENSCAFG00000005744,ZMAT4,zinc finger matrin-type 4 ,ENSG00000165061,ENSMUSG00000037492,ENSCAFT00000009247,known,ENST00000297737,known,ENSMUST00000042352,known
ENSCAFG00000005744,ZMAT4,zinc finger matrin-type 4 ,ENSG00000165061,ENSMUSG00000037492,CGACAFTENST00000315769,predicted,ENST00000315769,known,CGAMUSTENST00000315769,predicted
ENSCAFG00000005744,ZMAT4,zinc finger matrin-type 4 ,ENSG00000165061,ENSMUSG00000037492,CGACAFTENSMUST00000207301,predicted,CGATENSMUST00000207301,predicted,ENSMUST00000207301,known
ENSCAFG00000001585,FLNC,filamin C ,ENSG00000128591,ENSMUSG00000068699,ENSCAFT00000002504,known,ENST00000325888,known,ENSMUST00000065090,known
ENSCAFG00000001585,FLNC,filamin C ,ENSG00000128591,ENSMUSG00000068699,ENSCAFT00000045585,known,CGATENSCAFT00000045585,predicted,CGAMUSTENSCAFT00000045585,predicted
ENSCAFG00000001585,FLNC,filamin C ,ENSG00000128591,ENSMUSG00000068699,CGACAFTENST00000346177,predicted,ENST00000346177,known,ENSMUST00000101617,known
ENSCAFG00000003153,VPS54,VPS54 subunit of GARP complex ,ENSG00000143952,ENSMUSG00000020128,ENSCAFT00000005085,known,ENST00000409558,known,ENSMUST00000109578,known
ENSCAFG00000003153,VPS54,VPS54 subunit of GARP complex ,ENSG00000143952,ENSMUSG00000020128,ENSCAFT00000005083,known,Na,known,Na,known
ENSCAFG00000003153,VPS54,VPS54 subunit of GARP complex ,ENSG00000143952,ENSMUSG00000020128,CGACAFTENST00000272322,predicted,ENST00000272322,known,ENSMUST00000006221,known
ENSCAFG00000004688,PREB,prolactin regulatory element binding ,ENSG00000138073,ENSMUSG00000045302,ENSCAFT00000007541,known,ENST00000260643,known,ENSMUST00000074840,known
ENSCAFG00000004688,PREB,prolactin regulatory element binding ,ENSG00000138073,ENSMUSG00000045302,CGACAFTENST00000406567,predicted,ENST00000406567,known,CGAMUSTENST00000406567,predicted
ENSCAFG00000004688,PREB,prolactin regulatory element binding ,ENSG00000138073,ENSMUSG00000045302,CGACAFTENSMUST00000202567,predicted,CGATENSMUST00000202567,predicted,ENSMUST00000202567,known
ENSCAFG00000011221,FGFR1OP2,FGFR1 oncogene partner 2 ,ENSG00000111790,ENSMUSG00000040242,ENSCAFT00000046942,known,ENST00000229395,known,ENSMUST00000111663,known
ENSCAFG00000011221,FGFR1OP2,FGFR1 oncogene partner 2 ,ENSG00000111790,ENSMUSG00000040242,ENSCAFT00000017839,known,ENST00000327214,known,ENSMUST00000067404,known
ENSCAFG00000011221,FGFR1OP2,FGFR1 oncogene partner 2 ,ENSG00000111790,ENSMUSG00000040242,CGACAFTENST00000546072,predicted,ENST00000546072,known,CGAMUSTENST00000546072,predicted
ENSCAFG00000011252,LEF1,lymphoid enhancer binding factor 1 ,ENSG00000138795,ENSMUSG00000027985,ENSCAFT00000017891,known,ENST00000265165,known,ENSMUST00000029611,known
ENSCAFG00000011252,LEF1,lymphoid enhancer binding factor 1 ,ENSG00000138795,ENSMUSG00000027985,CGACAFTENST00000438313,predicted,ENST00000438313,known,CGAMUSTENST00000438313,predicted
ENSCAFG00000011252,LEF1,lymphoid enhancer binding factor 1 ,ENSG00000138795,ENSMUSG00000027985,CGACAFTENST00000510624,predicted,ENST00000510624,known,CGAMUSTENST00000510624,predicted
ENSCAFG00000011252,LEF1,lymphoid enhancer binding factor 1 ,ENSG00000138795,ENSMUSG00000027985,CGACAFTENST00000379951,predicted,ENST00000379951,known,ENSMUST00000106341,known
ENSCAFG00000011252,LEF1,lymphoid enhancer binding factor 1 ,ENSG00000138795,ENSMUSG00000027985,CGACAFTENSMUST00000098611,predicted,CGATENSMUST00000098611,predicted,ENSMUST00000098611,known
ENSCAFG00000007437,SMYD1,SET and MYND domain containing 1 ,ENSG00000115593,ENSMUSG00000055027,ENSCAFT00000011926,known,ENST00000419482,known,ENSMUST00000074301,known
ENSCAFG00000007437,SMYD1,SET and MYND domain containing 1 ,ENSG00000115593,ENSMUSG00000055027,CGACAFTENST00000444564,predicted,ENST00000444564,known,ENSMUST00000114186,known
ENSCAFG00000004226,STRN4,striatin 4 ,ENSG00000090372,ENSMUSG00000030374,ENSCAFT00000006783,known,ENST00000391910,known,ENSMUST00000019220,known
ENSCAFG00000004226,STRN4,striatin 4 ,ENSG00000090372,ENSMUSG00000030374,CGACAFTENST00000263280,predicted,ENST00000263280,known,ENSMUST00000108495,known
ENSCAFG00000014058,CCDC50,coiled-coil domain containing 50 ,ENSG00000152492,ENSMUSG00000038127,ENSCAFT00000022321,known,ENST00000392455,known,ENSMUST00000100026,known
ENSCAFG00000014058,CCDC50,coiled-coil domain containing 50 ,ENSG00000152492,ENSMUSG00000038127,ENSCAFT00000022316,known,Na,known,Na,known
ENSCAFG00000014058,CCDC50,coiled-coil domain containing 50 ,ENSG00000152492,ENSMUSG00000038127,CGACAFTENST00000392456,predicted,ENST00000392456,known,CGAMUSTENST00000392456,predicted
ENSCAFG00000014058,CCDC50,coiled-coil domain containing 50 ,ENSG00000152492,ENSMUSG00000038127,CGACAFTENSMUST00000096127,predicted,CGATENSMUST00000096127,predicted,ENSMUST00000096127,known
ENSCAFG00000016121,SYT7,synaptotagmin 7 ,ENSG00000011347,ENSMUSG00000024743,ENSCAFT00000025580,known,Na,known,Na,known
ENSCAFG00000016121,SYT7,synaptotagmin 7 ,ENSG00000011347,ENSMUSG00000024743,ENSCAFT00000025578,known,Na,known,Na,known
ENSCAFG00000016121,SYT7,synaptotagmin 7 ,ENSG00000011347,ENSMUSG00000024743,CGACAFTENST00000263846,predicted,ENST00000263846,known,ENSMUST00000073899,known
ENSCAFG00000016121,SYT7,synaptotagmin 7 ,ENSG00000011347,ENSMUSG00000024743,CGACAFTENST00000540677,predicted,ENST00000540677,known,CGAMUSTENST00000540677,predicted
ENSCAFG00000016121,SYT7,synaptotagmin 7 ,ENSG00000011347,ENSMUSG00000024743,CGACAFTENST00000542836,predicted,ENST00000542836,known,CGAMUSTENST00000542836,predicted
ENSCAFG00000016121,SYT7,synaptotagmin 7 ,ENSG00000011347,ENSMUSG00000024743,CGACAFTENSMUST00000076968,predicted,CGATENSMUST00000076968,predicted,ENSMUST00000076968,known
ENSCAFG00000016121,SYT7,synaptotagmin 7 ,ENSG00000011347,ENSMUSG00000024743,CGACAFTENSMUST00000169121,predicted,CGATENSMUST00000169121,predicted,ENSMUST00000169121,known
ENSCAFG00000002364,ADGRL3,adhesion G protein-coupled receptor L3 ,ENSG00000150471,ENSMUSG00000037605,ENSCAFT00000003727,known,CGATENSMUST00000122356,predicted,ENSMUST00000122356,known
ENSCAFG00000002364,ADGRL3,adhesion G protein-coupled receptor L3 ,ENSG00000150471,ENSMUSG00000037605,ENSCAFT00000003726,known,Na,known,Na,known
ENSCAFG00000002364,ADGRL3,adhesion G protein-coupled receptor L3 ,ENSG00000150471,ENSMUSG00000037605,CGACAFTENST00000512091,predicted,ENST00000512091,known,CGAMUSTENST00000512091,predicted
ENSCAFG00000002364,ADGRL3,adhesion G protein-coupled receptor L3 ,ENSG00000150471,ENSMUSG00000037605,CGACAFTENST00000514591,predicted,ENST00000514591,known,CGAMUSTENST00000514591,predicted
ENSCAFG00000002364,ADGRL3,adhesion G protein-coupled receptor L3 ,ENSG00000150471,ENSMUSG00000037605,CGACAFTENSMUST00000118442,predicted,CGATENSMUST00000118442,predicted,ENSMUST00000118442,known
ENSCAFG00000002364,ADGRL3,adhesion G protein-coupled receptor L3 ,ENSG00000150471,ENSMUSG00000037605,CGACAFTENSMUST00000119385,predicted,CGATENSMUST00000119385,predicted,ENSMUST00000119385,known
ENSCAFG00000002364,ADGRL3,adhesion G protein-coupled receptor L3 ,ENSG00000150471,ENSMUSG00000037605,CGACAFTENSMUST00000122037,predicted,CGATENSMUST00000122037,predicted,ENSMUST00000122037,known
ENSCAFG00000002364,ADGRL3,adhesion G protein-coupled receptor L3 ,ENSG00000150471,ENSMUSG00000037605,CGACAFTENSMUST00000072521,predicted,CGATENSMUST00000072521,predicted,ENSMUST00000072521,known
ENSCAFG00000025045,HNRNPD,heterogeneous nuclear ribonucleoprotein D ,ENSG00000138668,ENSMUSG00000000568,ENSCAFT00000038801,known,ENST00000313899,known,ENSMUST00000172361,known
ENSCAFG00000025045,HNRNPD,heterogeneous nuclear ribonucleoprotein D ,ENSG00000138668,ENSMUSG00000000568,CGACAFTENST00000353341,predicted,ENST00000353341,known,ENSMUST00000019128,known
ENSCAFG00000025045,HNRNPD,heterogeneous nuclear ribonucleoprotein D ,ENSG00000138668,ENSMUSG00000000568,CGACAFTENST00000352301,predicted,ENST00000352301,known,ENSMUST00000112939,known
ENSCAFG00000025045,HNRNPD,heterogeneous nuclear ribonucleoprotein D ,ENSG00000138668,ENSMUSG00000000568,CGACAFTENSMUST00000072750,predicted,CGATENSMUST00000072750,predicted,ENSMUST00000072750,known
ENSCAFG00000003464,ATP6V1C2,ATPase H+ transporting V1 subunit C2 ,ENSG00000143882,ENSMUSG00000020566,ENSCAFT00000005580,known,ENST00000381661,known,CGAMUSTENST00000381661,predicted
ENSCAFG00000003464,ATP6V1C2,ATPase H+ transporting V1 subunit C2 ,ENSG00000143882,ENSMUSG00000020566,ENSCAFT00000005583,known,ENST00000272238,known,ENSMUST00000095820,known
ENSCAFG00000003464,ATP6V1C2,ATPase H+ transporting V1 subunit C2 ,ENSG00000143882,ENSMUSG00000020566,CGACAFTENSMUST00000020884,predicted,CGATENSMUST00000020884,predicted,ENSMUST00000020884,known
ENSCAFG00000025529,TPK1,thiamin pyrophosphokinase 1 ,ENSG00000196511,ENSMUSG00000029735,ENSCAFT00000039734,known,ENST00000360057,known,ENSMUST00000067888,known
ENSCAFG00000025529,TPK1,thiamin pyrophosphokinase 1 ,ENSG00000196511,ENSMUSG00000029735,CGACAFTENST00000378099,predicted,ENST00000378099,known,ENSMUST00000114644,known
ENSCAFG00000008473,RBM46,RNA binding motif protein 46 ,ENSG00000151962,ENSMUSG00000033882,ENSCAFT00000037016,known,ENST00000514866,known,ENSMUST00000182818,known
ENSCAFG00000008473,RBM46,RNA binding motif protein 46 ,ENSG00000151962,ENSMUSG00000033882,ENSCAFT00000013439,known,ENST00000281722,known,ENSMUST00000048647,known
ENSCAFG00000008473,RBM46,RNA binding motif protein 46 ,ENSG00000151962,ENSMUSG00000033882,CGACAFTENST00000510397,predicted,ENST00000510397,known,CGAMUSTENST00000510397,predicted
ENSCAFG00000008903,ARFGAP2,ADP ribosylation factor GTPase activating protein 2 ,ENSG00000149182,ENSMUSG00000027255,ENSCAFT00000014154,known,ENST00000524782,known,ENSMUST00000080008,known
ENSCAFG00000008903,ARFGAP2,ADP ribosylation factor GTPase activating protein 2 ,ENSG00000149182,ENSMUSG00000027255,CGACAFTENST00000426335,predicted,ENST00000426335,known,CGAMUSTENST00000426335,predicted
ENSCAFG00000008903,ARFGAP2,ADP ribosylation factor GTPase activating protein 2 ,ENSG00000149182,ENSMUSG00000027255,CGACAFTENSMUST00000028691,predicted,CGATENSMUST00000028691,predicted,ENSMUST00000028691,known
ENSCAFG00000009033,DYSF,dysferlin ,ENSG00000135636,ENSMUSG00000033788,ENSCAFT00000049149,known,CGATENSCAFT00000049149,predicted,CGAMUSTENSCAFT00000049149,predicted
ENSCAFG00000009033,DYSF,dysferlin ,ENSG00000135636,ENSMUSG00000033788,ENSCAFT00000014361,known,Na,known,Na,known
ENSCAFG00000009033,DYSF,dysferlin ,ENSG00000135636,ENSMUSG00000033788,CGACAFTENST00000409762,predicted,ENST00000409762,known,ENSMUST00000113823,known
ENSCAFG00000009033,DYSF,dysferlin ,ENSG00000135636,ENSMUSG00000033788,CGACAFTENST00000409582,predicted,ENST00000409582,known,CGAMUSTENST00000409582,predicted
ENSCAFG00000009033,DYSF,dysferlin ,ENSG00000135636,ENSMUSG00000033788,CGACAFTENST00000429174,predicted,ENST00000429174,known,CGAMUSTENST00000429174,predicted
ENSCAFG00000009033,DYSF,dysferlin ,ENSG00000135636,ENSMUSG00000033788,CGACAFTENST00000413539,predicted,ENST00000413539,known,CGAMUSTENST00000413539,predicted
ENSCAFG00000009033,DYSF,dysferlin ,ENSG00000135636,ENSMUSG00000033788,CGACAFTENST00000258104,predicted,ENST00000258104,known,CGAMUSTENST00000258104,predicted
ENSCAFG00000009033,DYSF,dysferlin ,ENSG00000135636,ENSMUSG00000033788,CGACAFTENST00000409651,predicted,ENST00000409651,known,CGAMUSTENST00000409651,predicted
ENSCAFG00000009033,DYSF,dysferlin ,ENSG00000135636,ENSMUSG00000033788,CGACAFTENST00000394120,predicted,ENST00000394120,known,CGAMUSTENST00000394120,predicted
ENSCAFG00000009033,DYSF,dysferlin ,ENSG00000135636,ENSMUSG00000033788,CGACAFTENST00000409744,predicted,ENST00000409744,known,CGAMUSTENST00000409744,predicted
ENSCAFG00000009033,DYSF,dysferlin ,ENSG00000135636,ENSMUSG00000033788,CGACAFTENST00000409366,predicted,ENST00000409366,known,CGAMUSTENST00000409366,predicted
ENSCAFG00000009033,DYSF,dysferlin ,ENSG00000135636,ENSMUSG00000033788,CGACAFTENST00000410020,predicted,ENST00000410020,known,CGAMUSTENST00000410020,predicted
ENSCAFG00000009033,DYSF,dysferlin ,ENSG00000135636,ENSMUSG00000033788,CGACAFTENST00000410041,predicted,ENST00000410041,known,ENSMUST00000081904,known
ENSCAFG00000009033,DYSF,dysferlin ,ENSG00000135636,ENSMUSG00000033788,CGACAFTENSMUST00000113818,predicted,CGATENSMUST00000113818,predicted,ENSMUST00000113818,known
ENSCAFG00000015146,SYN1,synapsin I ,ENSG00000008056,ENSMUSG00000037217,ENSCAFT00000024046,known,ENST00000340666,known,ENSMUST00000115345,known
ENSCAFG00000015146,SYN1,synapsin I ,ENSG00000008056,ENSMUSG00000037217,CGACAFTENST00000295987,predicted,ENST00000295987,known,ENSMUST00000081893,known
ENSCAFG00000004866,USP6NL,USP6 N-terminal like ,ENSG00000148429,ENSMUSG00000039046,ENSCAFT00000007841,known,ENST00000609104,known,ENSMUST00000114937,known
ENSCAFG00000004866,USP6NL,USP6 N-terminal like ,ENSG00000148429,ENSMUSG00000039046,CGACAFTENST00000277575,predicted,ENST00000277575,known,CGAMUSTENST00000277575,predicted
ENSCAFG00000004866,USP6NL,USP6 N-terminal like ,ENSG00000148429,ENSMUSG00000039046,CGACAFTENSMUST00000042503,predicted,CGATENSMUST00000042503,predicted,ENSMUST00000042503,known
ENSCAFG00000019740,LOC479600,beta-catenin-interacting protein 1 ,ENSG00000171603,ENSMUSG00000039953,ENSCAFT00000044983,known,ENST00000361311,known,ENSMUST00000105691,known
ENSCAFG00000019740,LOC479600,beta-catenin-interacting protein 1 ,ENSG00000171603,ENSMUSG00000039953,ENSCAFT00000031393,known,Na,known,Na,known
ENSCAFG00000019740,LOC479600,beta-catenin-interacting protein 1 ,ENSG00000171603,ENSMUSG00000039953,CGACAFTENST00000377298,predicted,ENST00000377298,known,ENSMUST00000039144,known
ENSCAFG00000001919,FAM219A,family with sequence similarity 219 member A ,ENSG00000164970,ENSMUSG00000028439,ENSCAFT00000003036,known,ENST00000445726,known,CGAMUSTENST00000445726,predicted
ENSCAFG00000001919,FAM219A,family with sequence similarity 219 member A ,ENSG00000164970,ENSMUSG00000028439,CGACAFTENST00000297620,predicted,ENST00000297620,known,ENSMUST00000108052,known
ENSCAFG00000001919,FAM219A,family with sequence similarity 219 member A ,ENSG00000164970,ENSMUSG00000028439,CGACAFTENSMUST00000108049,predicted,CGATENSMUST00000108049,predicted,ENSMUST00000108049,known
ENSCAFG00000012215,AP1S2,adaptor related protein complex 1 subunit sigma 2 ,ENSG00000182287,ENSMUSG00000031367,ENSCAFT00000019414,known,ENST00000329235,known,ENSMUST00000033734,known
ENSCAFG00000012215,AP1S2,adaptor related protein complex 1 subunit sigma 2 ,ENSG00000182287,ENSMUSG00000031367,CGACAFTENST00000545766,predicted,ENST00000545766,known,ENSMUST00000069041,known
ENSCAFG00000012215,AP1S2,adaptor related protein complex 1 subunit sigma 2 ,ENSG00000182287,ENSMUSG00000031367,CGACAFTENSMUST00000112294,predicted,CGATENSMUST00000112294,predicted,ENSMUST00000112294,known
ENSCAFG00000009072,KCNC1,potassium voltage-gated channel subfamily C member 1 ,ENSG00000129159,ENSMUSG00000058975,ENSCAFT00000014422,known,ENST00000265969,known,ENSMUST00000160433,known
ENSCAFG00000009072,KCNC1,potassium voltage-gated channel subfamily C member 1 ,ENSG00000129159,ENSMUSG00000058975,CGACAFTENST00000379472,predicted,ENST00000379472,known,ENSMUST00000025202,known
ENSCAFG00000007669,CLCN3,chloride voltage-gated channel 3 ,ENSG00000109572,ENSMUSG00000004319,ENSCAFT00000038926,known,ENST00000513761,known,ENSMUST00000110301,known
ENSCAFG00000007669,CLCN3,chloride voltage-gated channel 3 ,ENSG00000109572,ENSMUSG00000004319,ENSCAFT00000038928,known,CGATENSCAFT00000038928,predicted,CGAMUSTENSCAFT00000038928,predicted
ENSCAFG00000007669,CLCN3,chloride voltage-gated channel 3 ,ENSG00000109572,ENSMUSG00000004319,CGACAFTENST00000347613,predicted,ENST00000347613,known,ENSMUST00000004430,known
ENSCAFG00000007669,CLCN3,chloride voltage-gated channel 3 ,ENSG00000109572,ENSMUSG00000004319,CGACAFTENST00000360642,predicted,ENST00000360642,known,CGAMUSTENST00000360642,predicted
ENSCAFG00000007669,CLCN3,chloride voltage-gated channel 3 ,ENSG00000109572,ENSMUSG00000004319,CGACAFTENST00000613795,predicted,ENST00000613795,known,ENSMUST00000056508,known
ENSCAFG00000007669,CLCN3,chloride voltage-gated channel 3 ,ENSG00000109572,ENSMUSG00000004319,CGACAFTENSMUST00000093490,predicted,CGATENSMUST00000093490,predicted,ENSMUST00000093490,known
ENSCAFG00000013961,TP63,tumor protein p63 ,ENSG00000073282,ENSMUSG00000022510,ENSCAFT00000022170,known,ENST00000264731,known,ENSMUST00000115310,known
ENSCAFG00000013961,TP63,tumor protein p63 ,ENSG00000073282,ENSMUSG00000022510,CGACAFTENST00000418709,predicted,ENST00000418709,known,CGAMUSTENST00000418709,predicted
ENSCAFG00000013961,TP63,tumor protein p63 ,ENSG00000073282,ENSMUSG00000022510,CGACAFTENST00000392460,predicted,ENST00000392460,known,ENSMUST00000065523,known
ENSCAFG00000013961,TP63,tumor protein p63 ,ENSG00000073282,ENSMUSG00000022510,CGACAFTENST00000440651,predicted,ENST00000440651,known,CGAMUSTENST00000440651,predicted
ENSCAFG00000013961,TP63,tumor protein p63 ,ENSG00000073282,ENSMUSG00000022510,CGACAFTENST00000354600,predicted,ENST00000354600,known,ENSMUST00000040231,known
ENSCAFG00000013961,TP63,tumor protein p63 ,ENSG00000073282,ENSMUSG00000022510,CGACAFTENST00000437221,predicted,ENST00000437221,known,ENSMUST00000115305,known
ENSCAFG00000013961,TP63,tumor protein p63 ,ENSG00000073282,ENSMUSG00000022510,CGACAFTENST00000392463,predicted,ENST00000392463,known,CGAMUSTENST00000392463,predicted
ENSCAFG00000013961,TP63,tumor protein p63 ,ENSG00000073282,ENSMUSG00000022510,CGACAFTENSMUST00000115306,predicted,CGATENSMUST00000115306,predicted,ENSMUST00000115306,known
ENSCAFG00000013961,TP63,tumor protein p63 ,ENSG00000073282,ENSMUSG00000022510,CGACAFTENSMUST00000115308,predicted,CGATENSMUST00000115308,predicted,ENSMUST00000115308,known
ENSCAFG00000004626,NECTIN2,nectin cell adhesion molecule 2 ,ENSG00000130202,ENSMUSG00000062300,ENSCAFT00000007452,known,ENST00000252483,known,ENSMUST00000075447,known
ENSCAFG00000004626,NECTIN2,nectin cell adhesion molecule 2 ,ENSG00000130202,ENSMUSG00000062300,CGACAFTENST00000252485,predicted,ENST00000252485,known,ENSMUST00000108450,known
ENSCAFG00000011921,ASB11,ankyrin repeat and SOCS box containing 11 ,ENSG00000165192,ENSMUSG00000031382,ENSCAFT00000018938,known,ENST00000480796,known,ENSMUST00000036858,known
ENSCAFG00000011921,ASB11,ankyrin repeat and SOCS box containing 11 ,ENSG00000165192,ENSMUSG00000031382,CGACAFTENST00000380470,predicted,ENST00000380470,known,CGAMUSTENST00000380470,predicted
ENSCAFG00000011921,ASB11,ankyrin repeat and SOCS box containing 11 ,ENSG00000165192,ENSMUSG00000031382,CGACAFTENST00000344384,predicted,ENST00000344384,known,ENSMUST00000033755,known
ENSCAFG00000012884,RORC,RAR related orphan receptor C ,ENSG00000143365,ENSMUSG00000028150,ENSCAFT00000020479,known,ENST00000318247,known,ENSMUST00000029795,known
ENSCAFG00000012884,RORC,RAR related orphan receptor C ,ENSG00000143365,ENSMUSG00000028150,CGACAFTENST00000356728,predicted,ENST00000356728,known,ENSMUST00000197040,known
ENSCAFG00000014358,CASK,calcium/calmodulin dependent serine protein kinase ,ENSG00000147044,ENSMUSG00000031012,ENSCAFT00000049479,known,ENST00000421587,known,ENSMUST00000115436,known
ENSCAFG00000014358,CASK,calcium/calmodulin dependent serine protein kinase ,ENSG00000147044,ENSMUSG00000031012,ENSCAFT00000022869,known,Na,known,Na,known
ENSCAFG00000014358,CASK,calcium/calmodulin dependent serine protein kinase ,ENSG00000147044,ENSMUSG00000031012,CGACAFTENST00000378166,predicted,ENST00000378166,known,CGAMUSTENST00000378166,predicted
ENSCAFG00000014358,CASK,calcium/calmodulin dependent serine protein kinase ,ENSG00000147044,ENSMUSG00000031012,CGACAFTENST00000442742,predicted,ENST00000442742,known,CGAMUSTENST00000442742,predicted
ENSCAFG00000014358,CASK,calcium/calmodulin dependent serine protein kinase ,ENSG00000147044,ENSMUSG00000031012,CGACAFTENSMUST00000115438,predicted,CGATENSMUST00000115438,predicted,ENSMUST00000115438,known
ENSCAFG00000015230,TRPM7,transient receptor potential cation channel subfamily M member 7 ,ENSG00000092439,ENSMUSG00000027365,ENSCAFT00000024268,known,ENST00000560955,known,ENSMUST00000028843,known
ENSCAFG00000015230,TRPM7,transient receptor potential cation channel subfamily M member 7 ,ENSG00000092439,ENSMUSG00000027365,CGACAFTENST00000313478,predicted,ENST00000313478,known,ENSMUST00000103224,known
ENSCAFG00000020001,DOLPP1,dolichyldiphosphatase 1 ,ENSG00000167130,ENSMUSG00000026856,ENSCAFT00000031829,known,ENST00000372546,known,ENSMUST00000028209,known
ENSCAFG00000020001,DOLPP1,dolichyldiphosphatase 1 ,ENSG00000167130,ENSMUSG00000026856,CGACAFTENST00000406974,predicted,ENST00000406974,known,ENSMUST00000113612,known
ENSCAFG00000020001,DOLPP1,dolichyldiphosphatase 1 ,ENSG00000167130,ENSMUSG00000026856,CGACAFTENSMUST00000123202,predicted,CGATENSMUST00000123202,predicted,ENSMUST00000123202,known
ENSCAFG00000003332,EPHA7,EPH receptor A7 ,ENSG00000135333,ENSMUSG00000028289,ENSCAFT00000005480,known,ENST00000369303,known,ENSMUST00000029964,known
ENSCAFG00000003332,EPHA7,EPH receptor A7 ,ENSG00000135333,ENSMUSG00000028289,CGACAFTENST00000369297,predicted,ENST00000369297,known,CGAMUSTENST00000369297,predicted
ENSCAFG00000003332,EPHA7,EPH receptor A7 ,ENSG00000135333,ENSMUSG00000028289,CGACAFTENSMUST00000080934,predicted,CGATENSMUST00000080934,predicted,ENSMUST00000080934,known
ENSCAFG00000003332,EPHA7,EPH receptor A7 ,ENSG00000135333,ENSMUSG00000028289,CGACAFTENSMUST00000108191,predicted,CGATENSMUST00000108191,predicted,ENSMUST00000108191,known
ENSCAFG00000011205,PUM1,pumilio RNA binding family member 1 ,ENSG00000134644,ENSMUSG00000028580,ENSCAFT00000017823,known,CGATENSCAFT00000017823,predicted,CGAMUSTENSCAFT00000017823,predicted
ENSCAFG00000011205,PUM1,pumilio RNA binding family member 1 ,ENSG00000134644,ENSMUSG00000028580,CGACAFTENST00000257075,predicted,ENST00000257075,known,ENSMUST00000097864,known
ENSCAFG00000011205,PUM1,pumilio RNA binding family member 1 ,ENSG00000134644,ENSMUSG00000028580,CGACAFTENST00000426105,predicted,ENST00000426105,known,ENSMUST00000097862,known
ENSCAFG00000011205,PUM1,pumilio RNA binding family member 1 ,ENSG00000134644,ENSMUSG00000028580,CGACAFTENSMUST00000030315,predicted,CGATENSMUST00000030315,predicted,ENSMUST00000030315,known
ENSCAFG00000011205,PUM1,pumilio RNA binding family member 1 ,ENSG00000134644,ENSMUSG00000028580,CGACAFTENSMUST00000105992,predicted,CGATENSMUST00000105992,predicted,ENSMUST00000105992,known
ENSCAFG00000011205,PUM1,pumilio RNA binding family member 1 ,ENSG00000134644,ENSMUSG00000028580,CGACAFTENSMUST00000105991,predicted,CGATENSMUST00000105991,predicted,ENSMUST00000105991,known
ENSCAFG00000007148,FBXO3,F-box protein 3 ,ENSG00000110429,ENSMUSG00000027180,ENSCAFT00000011480,known,ENST00000265651,known,ENSMUST00000028603,known
ENSCAFG00000007148,FBXO3,F-box protein 3 ,ENSG00000110429,ENSMUSG00000027180,CGACAFTENST00000448981,predicted,ENST00000448981,known,ENSMUST00000102565,known
ENSCAFG00000010815,TGFB2,transforming growth factor beta 2 ,ENSG00000092969,ENSMUSG00000039239,ENSCAFT00000017213,known,ENST00000366930,known,ENSMUST00000045288,known
ENSCAFG00000010815,TGFB2,transforming growth factor beta 2 ,ENSG00000092969,ENSMUSG00000039239,ENSCAFT00000017210,known,ENST00000366929,known,ENSMUST00000195201,known
ENSCAFG00000002028,VLDLR,very low density lipoprotein receptor ,ENSG00000147852,ENSMUSG00000024924,ENSCAFT00000037573,known,ENST00000382099,known,ENSMUST00000172302,known
ENSCAFG00000002028,VLDLR,very low density lipoprotein receptor ,ENSG00000147852,ENSMUSG00000024924,ENSCAFT00000037581,known,ENST00000382100,known,ENSMUST00000167487,known
ENSCAFG00000002028,VLDLR,very low density lipoprotein receptor ,ENSG00000147852,ENSMUSG00000024924,CGACAFTENSMUST00000047645,predicted,CGATENSMUST00000047645,predicted,ENSMUST00000047645,known
ENSCAFG00000029087,GATA4,GATA binding protein 4 ,ENSG00000136574,ENSMUSG00000021944,ENSCAFT00000048684,known,ENST00000335135,known,ENSMUST00000118022,known
ENSCAFG00000029087,GATA4,GATA binding protein 4 ,ENSG00000136574,ENSMUSG00000021944,CGACAFTENST00000528712,predicted,ENST00000528712,known,CGAMUSTENST00000528712,predicted
ENSCAFG00000029087,GATA4,GATA binding protein 4 ,ENSG00000136574,ENSMUSG00000021944,CGACAFTENST00000532059,predicted,ENST00000532059,known,ENSMUST00000067417,known
ENSCAFG00000020135,FNBP1L,formin binding protein 1 like ,ENSG00000137942,ENSMUSG00000039735,ENSCAFT00000050191,known,ENST00000370253,known,CGAMUSTENST00000370253,predicted
ENSCAFG00000020135,FNBP1L,formin binding protein 1 like ,ENSG00000137942,ENSMUSG00000039735,ENSCAFT00000032063,known,Na,known,Na,known
ENSCAFG00000020135,FNBP1L,formin binding protein 1 like ,ENSG00000137942,ENSMUSG00000039735,ENSCAFT00000047065,known,Na,known,Na,known
ENSCAFG00000020135,FNBP1L,formin binding protein 1 like ,ENSG00000137942,ENSMUSG00000039735,CGACAFTENST00000271234,predicted,ENST00000271234,known,CGAMUSTENST00000271234,predicted
ENSCAFG00000020135,FNBP1L,formin binding protein 1 like ,ENSG00000137942,ENSMUSG00000039735,CGACAFTENST00000260506,predicted,ENST00000260506,known,ENSMUST00000162409,known
ENSCAFG00000020135,FNBP1L,formin binding protein 1 like ,ENSG00000137942,ENSMUSG00000039735,CGACAFTENSMUST00000162947,predicted,CGATENSMUST00000162947,predicted,ENSMUST00000162947,known
ENSCAFG00000007034,LYN,LYN proto-oncogene, Src family tyrosine kinase ,ENSG00000254087,ENSMUSG00000042228,ENSCAFT00000011282,known,ENST00000519728,known,ENSMUST00000041377,known
ENSCAFG00000007034,LYN,LYN proto-oncogene, Src family tyrosine kinase ,ENSG00000254087,ENSMUSG00000042228,CGACAFTENST00000520220,predicted,ENST00000520220,known,ENSMUST00000103010,known
ENSCAFG00000000082,CDK2,cyclin dependent kinase 2 ,ENSG00000123374,ENSMUSG00000025358,ENSCAFT00000000140,known,ENST00000266970,known,ENSMUST00000026415,known
ENSCAFG00000000082,CDK2,cyclin dependent kinase 2 ,ENSG00000123374,ENSMUSG00000025358,CGACAFTENST00000440311,predicted,ENST00000440311,known,CGAMUSTENST00000440311,predicted
ENSCAFG00000000082,CDK2,cyclin dependent kinase 2 ,ENSG00000123374,ENSMUSG00000025358,CGACAFTENST00000354056,predicted,ENST00000354056,known,CGAMUSTENST00000354056,predicted
ENSCAFG00000000082,CDK2,cyclin dependent kinase 2 ,ENSG00000123374,ENSMUSG00000025358,CGACAFTENSMUST00000026416,predicted,CGATENSMUST00000026416,predicted,ENSMUST00000026416,known
ENSCAFG00000015036,CPSF4,cleavage and polyadenylation specific factor 4 ,ENSG00000160917,ENSMUSG00000029625,ENSCAFT00000043832,known,ENST00000292476,known,CGAMUSTENST00000292476,predicted
ENSCAFG00000015036,CPSF4,cleavage and polyadenylation specific factor 4 ,ENSG00000160917,ENSMUSG00000029625,ENSCAFT00000023892,known,CGATENSCAFT00000023892,predicted,CGAMUSTENSCAFT00000023892,predicted
ENSCAFG00000015036,CPSF4,cleavage and polyadenylation specific factor 4 ,ENSG00000160917,ENSMUSG00000029625,ENSCAFT00000023887,known,Na,known,Na,known
ENSCAFG00000015036,CPSF4,cleavage and polyadenylation specific factor 4 ,ENSG00000160917,ENSMUSG00000029625,CGACAFTENST00000436336,predicted,ENST00000436336,known,ENSMUST00000162244,known
ENSCAFG00000015036,CPSF4,cleavage and polyadenylation specific factor 4 ,ENSG00000160917,ENSMUSG00000029625,CGACAFTENST00000441580,predicted,ENST00000441580,known,CGAMUSTENST00000441580,predicted
ENSCAFG00000015036,CPSF4,cleavage and polyadenylation specific factor 4 ,ENSG00000160917,ENSMUSG00000029625,CGACAFTENSMUST00000160629,predicted,CGATENSMUST00000160629,predicted,ENSMUST00000160629,known
ENSCAFG00000015036,CPSF4,cleavage and polyadenylation specific factor 4 ,ENSG00000160917,ENSMUSG00000029625,CGACAFTENSMUST00000070487,predicted,CGATENSMUST00000070487,predicted,ENSMUST00000070487,known
ENSCAFG00000008677,SSBP2,single stranded DNA binding protein 2 ,ENSG00000145687,ENSMUSG00000003992,ENSCAFT00000013778,known,ENST00000320672,known,ENSMUST00000004094,known
ENSCAFG00000008677,SSBP2,single stranded DNA binding protein 2 ,ENSG00000145687,ENSMUSG00000003992,CGACAFTENST00000509053,predicted,ENST00000509053,known,CGAMUSTENST00000509053,predicted
ENSCAFG00000008677,SSBP2,single stranded DNA binding protein 2 ,ENSG00000145687,ENSMUSG00000003992,CGACAFTENST00000514493,predicted,ENST00000514493,known,ENSMUST00000042122,known
ENSCAFG00000008677,SSBP2,single stranded DNA binding protein 2 ,ENSG00000145687,ENSMUSG00000003992,CGACAFTENST00000505980,predicted,ENST00000505980,known,CGAMUSTENST00000505980,predicted
ENSCAFG00000008677,SSBP2,single stranded DNA binding protein 2 ,ENSG00000145687,ENSMUSG00000003992,CGACAFTENST00000515395,predicted,ENST00000515395,known,CGAMUSTENST00000515395,predicted
ENSCAFG00000008677,SSBP2,single stranded DNA binding protein 2 ,ENSG00000145687,ENSMUSG00000003992,CGACAFTENST00000615665,predicted,ENST00000615665,known,CGAMUSTENST00000615665,predicted
ENSCAFG00000009193,AMBRA1,autophagy and beclin 1 regulator 1 ,ENSG00000110497,ENSMUSG00000040506,ENSCAFT00000039701,known,ENST00000314845,known,ENSMUST00000099712,known
ENSCAFG00000009193,AMBRA1,autophagy and beclin 1 regulator 1 ,ENSG00000110497,ENSMUSG00000040506,CGACAFTENST00000533727,predicted,ENST00000533727,known,CGAMUSTENST00000533727,predicted
ENSCAFG00000009193,AMBRA1,autophagy and beclin 1 regulator 1 ,ENSG00000110497,ENSMUSG00000040506,CGACAFTENST00000534300,predicted,ENST00000534300,known,CGAMUSTENST00000534300,predicted
ENSCAFG00000009193,AMBRA1,autophagy and beclin 1 regulator 1 ,ENSG00000110497,ENSMUSG00000040506,CGACAFTENSMUST00000045705,predicted,CGATENSMUST00000045705,predicted,ENSMUST00000045705,known
ENSCAFG00000008886,FGF5,fibroblast growth factor 5 ,ENSG00000138675,ENSMUSG00000029337,ENSCAFT00000038532,known,ENST00000312465,known,ENSMUST00000031280,known
ENSCAFG00000008886,FGF5,fibroblast growth factor 5 ,ENSG00000138675,ENSMUSG00000029337,ENSCAFT00000014095,known,ENST00000456523,known,ENSMUST00000200059,known
ENSCAFG00000016286,DNAJB1,DnaJ heat shock protein family (Hsp40) member B1 ,ENSG00000132002,ENSMUSG00000005483,ENSCAFT00000025827,known,ENST00000254322,known,ENSMUST00000005620,known
ENSCAFG00000016286,DNAJB1,DnaJ heat shock protein family (Hsp40) member B1 ,ENSG00000132002,ENSMUSG00000005483,CGACAFTENST00000396969,predicted,ENST00000396969,known,ENSMUST00000212300,known
ENSCAFG00000004486,PICALM,phosphatidylinositol binding clathrin assembly protein ,ENSG00000073921,ENSMUSG00000039361,ENSCAFT00000007234,known,Na,known,Na,known
ENSCAFG00000004486,PICALM,phosphatidylinositol binding clathrin assembly protein ,ENSG00000073921,ENSMUSG00000039361,ENSCAFT00000044406,known,CGATENSCAFT00000044406,predicted,CGAMUSTENSCAFT00000044406,predicted
ENSCAFG00000004486,PICALM,phosphatidylinositol binding clathrin assembly protein ,ENSG00000073921,ENSMUSG00000039361,CGACAFTENST00000532317,predicted,ENST00000532317,known,ENSMUST00000209068,known
ENSCAFG00000004486,PICALM,phosphatidylinositol binding clathrin assembly protein ,ENSG00000073921,ENSMUSG00000039361,CGACAFTENST00000526033,predicted,ENST00000526033,known,CGAMUSTENST00000526033,predicted
ENSCAFG00000004486,PICALM,phosphatidylinositol binding clathrin assembly protein ,ENSG00000073921,ENSMUSG00000039361,CGACAFTENST00000393346,predicted,ENST00000393346,known,ENSMUST00000208742,known
ENSCAFG00000004486,PICALM,phosphatidylinositol binding clathrin assembly protein ,ENSG00000073921,ENSMUSG00000039361,CGACAFTENST00000528398,predicted,ENST00000528398,known,CGAMUSTENST00000528398,predicted
ENSCAFG00000004486,PICALM,phosphatidylinositol binding clathrin assembly protein ,ENSG00000073921,ENSMUSG00000039361,CGACAFTENSMUST00000207225,predicted,CGATENSMUST00000207225,predicted,ENSMUST00000207225,known
ENSCAFG00000004486,PICALM,phosphatidylinositol binding clathrin assembly protein ,ENSG00000073921,ENSMUSG00000039361,CGACAFTENSMUST00000207484,predicted,CGATENSMUST00000207484,predicted,ENSMUST00000207484,known
ENSCAFG00000004486,PICALM,phosphatidylinositol binding clathrin assembly protein ,ENSG00000073921,ENSMUSG00000039361,CGACAFTENSMUST00000208730,predicted,CGATENSMUST00000208730,predicted,ENSMUST00000208730,known
ENSCAFG00000004486,PICALM,phosphatidylinositol binding clathrin assembly protein ,ENSG00000073921,ENSMUSG00000039361,CGACAFTENSMUST00000049537,predicted,CGATENSMUST00000049537,predicted,ENSMUST00000049537,known
ENSCAFG00000007047,No,items found - Gene - NCBI,ENSG00000172005,ENSMUSG00000027375,ENSCAFT00000011303,known,ENST00000309988,known,ENSMUST00000028854,known
ENSCAFG00000007047,No,items found - Gene - NCBI,ENSG00000172005,ENSMUSG00000027375,CGACAFTENST00000353004,predicted,ENST00000353004,known,CGAMUSTENST00000353004,predicted
ENSCAFG00000007047,No,items found - Gene - NCBI,ENSG00000172005,ENSMUSG00000027375,CGACAFTENST00000354078,predicted,ENST00000354078,known,ENSMUST00000028853,known
ENSCAFG00000007047,No,items found - Gene - NCBI,ENSG00000172005,ENSMUSG00000027375,CGACAFTENST00000349807,predicted,ENST00000349807,known,CGAMUSTENST00000349807,predicted
ENSCAFG00000006529,TMPO,thymopoietin ,ENSG00000120802,ENSMUSG00000019961,ENSCAFT00000010545,known,ENST00000556029,known,ENSMUST00000072239,known
ENSCAFG00000006529,TMPO,thymopoietin ,ENSG00000120802,ENSMUSG00000019961,CGACAFTENST00000343315,predicted,ENST00000343315,known,ENSMUST00000092219,known
ENSCAFG00000006529,TMPO,thymopoietin ,ENSG00000120802,ENSMUSG00000019961,CGACAFTENST00000266732,predicted,ENST00000266732,known,ENSMUST00000020123,known
ENSCAFG00000006529,TMPO,thymopoietin ,ENSG00000120802,ENSMUSG00000019961,CGACAFTENST00000393053,predicted,ENST00000393053,known,ENSMUST00000105293,known
ENSCAFG00000006529,TMPO,thymopoietin ,ENSG00000120802,ENSMUSG00000019961,CGACAFTENSMUST00000099355,predicted,CGATENSMUST00000099355,predicted,ENSMUST00000099355,known
ENSCAFG00000002936,HOXA1,homeobox A1 ,ENSG00000105991,ENSMUSG00000029844,ENSCAFT00000004700,known,ENST00000343060,known,ENSMUST00000000964,known
ENSCAFG00000002936,HOXA1,homeobox A1 ,ENSG00000105991,ENSMUSG00000029844,CGACAFTENST00000355633,predicted,ENST00000355633,known,ENSMUST00000120363,known
ENSCAFG00000001713,TEK,TEK receptor tyrosine kinase ,ENSG00000120156,ENSMUSG00000006386,ENSCAFT00000002677,known,CGATENSMUST00000071168,predicted,ENSMUST00000071168,known
ENSCAFG00000001713,TEK,TEK receptor tyrosine kinase ,ENSG00000120156,ENSMUSG00000006386,CGACAFTENST00000519097,predicted,ENST00000519097,known,CGAMUSTENST00000519097,predicted
ENSCAFG00000001713,TEK,TEK receptor tyrosine kinase ,ENSG00000120156,ENSMUSG00000006386,CGACAFTENST00000380036,predicted,ENST00000380036,known,ENSMUST00000102798,known
ENSCAFG00000001713,TEK,TEK receptor tyrosine kinase ,ENSG00000120156,ENSMUSG00000006386,CGACAFTENST00000406359,predicted,ENST00000406359,known,CGAMUSTENST00000406359,predicted
ENSCAFG00000001713,TEK,TEK receptor tyrosine kinase ,ENSG00000120156,ENSMUSG00000006386,CGACAFTENSMUST00000073939,predicted,CGATENSMUST00000073939,predicted,ENSMUST00000073939,known
ENSCAFG00000016993,USP3,ubiquitin specific peptidase 3 ,ENSG00000140455,ENSMUSG00000032376,ENSCAFT00000026918,known,ENST00000380324,known,ENSMUST00000127569,known
ENSCAFG00000016993,USP3,ubiquitin specific peptidase 3 ,ENSG00000140455,ENSMUSG00000032376,CGACAFTENST00000540797,predicted,ENST00000540797,known,CGAMUSTENST00000540797,predicted
ENSCAFG00000016993,USP3,ubiquitin specific peptidase 3 ,ENSG00000140455,ENSMUSG00000032376,CGACAFTENSMUST00000098613,predicted,CGATENSMUST00000098613,predicted,ENSMUST00000098613,known
ENSCAFG00000014850,COPS2,COP9 signalosome subunit 2 ,ENSG00000166200,ENSMUSG00000027206,ENSCAFT00000023590,known,ENST00000388901,known,ENSMUST00000028635,known
ENSCAFG00000014850,COPS2,COP9 signalosome subunit 2 ,ENSG00000166200,ENSMUSG00000027206,CGACAFTENST00000299259,predicted,ENST00000299259,known,ENSMUST00000110463,known
ENSCAFG00000016858,DNAL1,dynein axonemal light chain 1 ,ENSG00000119661,ENSMUSG00000042523,ENSCAFT00000026690,known,ENST00000553645,known,ENSMUST00000123491,known
ENSCAFG00000016858,DNAL1,dynein axonemal light chain 1 ,ENSG00000119661,ENSMUSG00000042523,CGACAFTENST00000554871,predicted,ENST00000554871,known,ENSMUST00000046340,known
ENSCAFG00000020207,KYAT3,kynurenine aminotransferase 3 ,ENSG00000137944,ENSMUSG00000040213,ENSCAFT00000032186,known,ENST00000260508,known,ENSMUST00000106218,known
ENSCAFG00000020207,KYAT3,kynurenine aminotransferase 3 ,ENSG00000137944,ENSMUSG00000040213,CGACAFTENST00000370491,predicted,ENST00000370491,known,ENSMUST00000044392,known
ENSCAFG00000013361,KDM1A,lysine demethylase 1A ,ENSG00000004487,ENSMUSG00000036940,ENSCAFT00000044299,known,ENST00000356634,known,ENSMUST00000116273,known
ENSCAFG00000013361,KDM1A,lysine demethylase 1A ,ENSG00000004487,ENSMUSG00000036940,ENSCAFT00000021220,known,Na,known,Na,known
ENSCAFG00000013361,KDM1A,lysine demethylase 1A ,ENSG00000004487,ENSMUSG00000036940,CGACAFTENST00000400181,predicted,ENST00000400181,known,CGAMUSTENST00000400181,predicted
ENSCAFG00000013361,KDM1A,lysine demethylase 1A ,ENSG00000004487,ENSMUSG00000036940,CGACAFTENSMUST00000105847,predicted,CGATENSMUST00000105847,predicted,ENSMUST00000105847,known
ENSCAFG00000005948,SPINT2,serine peptidase inhibitor, Kunitz type 2 ,ENSG00000167642,ENSMUSG00000074227,ENSCAFT00000009605,known,ENST00000301244,known,ENSMUST00000098604,known
ENSCAFG00000005948,SPINT2,serine peptidase inhibitor, Kunitz type 2 ,ENSG00000167642,ENSMUSG00000074227,CGACAFTENST00000454580,predicted,ENST00000454580,known,ENSMUST00000108236,known
ENSCAFG00000007344,MYBL1,MYB proto-oncogene like 1 ,ENSG00000185697,ENSMUSG00000025912,ENSCAFT00000043735,known,ENST00000522677,known,ENSMUST00000088658,known
ENSCAFG00000007344,MYBL1,MYB proto-oncogene like 1 ,ENSG00000185697,ENSMUSG00000025912,ENSCAFT00000011750,known,Na,known,Na,known
ENSCAFG00000007344,MYBL1,MYB proto-oncogene like 1 ,ENSG00000185697,ENSMUSG00000025912,CGACAFTENST00000524176,predicted,ENST00000524176,known,ENSMUST00000115468,known
ENSCAFG00000013196,TM6SF1,transmembrane 6 superfamily member 1 ,ENSG00000136404,ENSMUSG00000038623,ENSCAFT00000020949,known,ENST00000322019,known,ENSMUST00000041890,known
ENSCAFG00000013196,TM6SF1,transmembrane 6 superfamily member 1 ,ENSG00000136404,ENSMUSG00000038623,CGACAFTENST00000379390,predicted,ENST00000379390,known,CGAMUSTENST00000379390,predicted
ENSCAFG00000013196,TM6SF1,transmembrane 6 superfamily member 1 ,ENSG00000136404,ENSMUSG00000038623,CGACAFTENST00000565774,predicted,ENST00000565774,known,CGAMUSTENST00000565774,predicted
ENSCAFG00000013196,TM6SF1,transmembrane 6 superfamily member 1 ,ENSG00000136404,ENSMUSG00000038623,CGACAFTENSMUST00000119543,predicted,CGATENSMUST00000119543,predicted,ENSMUST00000119543,known
ENSCAFG00000016969,CLK2,CDC like kinase 2 ,ENSG00000176444,ENSMUSG00000068917,ENSCAFT00000026865,known,Na,known,Na,known
ENSCAFG00000016969,CLK2,CDC like kinase 2 ,ENSG00000176444,ENSMUSG00000068917,CGACAFTENST00000361168,predicted,ENST00000361168,known,ENSMUST00000121212,known
ENSCAFG00000016969,CLK2,CDC like kinase 2 ,ENSG00000176444,ENSMUSG00000068917,CGACAFTENST00000368361,predicted,ENST00000368361,known,CGAMUSTENST00000368361,predicted
ENSCAFG00000016969,CLK2,CDC like kinase 2 ,ENSG00000176444,ENSMUSG00000068917,CGACAFTENSMUST00000090927,predicted,CGATENSMUST00000090927,predicted,ENSMUST00000090927,known
ENSCAFG00000015135,LDB2,LIM domain binding 2 ,ENSG00000169744,ENSMUSG00000039706,ENSCAFT00000024036,known,CGATENSCAFT00000024036,predicted,CGAMUSTENSCAFT00000024036,predicted
ENSCAFG00000015135,LDB2,LIM domain binding 2 ,ENSG00000169744,ENSMUSG00000039706,CGACAFTENST00000515064,predicted,ENST00000515064,known,ENSMUST00000199261,known
ENSCAFG00000015135,LDB2,LIM domain binding 2 ,ENSG00000169744,ENSMUSG00000039706,CGACAFTENST00000441778,predicted,ENST00000441778,known,ENSMUST00000199534,known
ENSCAFG00000015135,LDB2,LIM domain binding 2 ,ENSG00000169744,ENSMUSG00000039706,CGACAFTENST00000304523,predicted,ENST00000304523,known,ENSMUST00000070748,known
ENSCAFG00000015135,LDB2,LIM domain binding 2 ,ENSG00000169744,ENSMUSG00000039706,CGACAFTENST00000502640,predicted,ENST00000502640,known,CGAMUSTENST00000502640,predicted
ENSCAFG00000015135,LDB2,LIM domain binding 2 ,ENSG00000169744,ENSMUSG00000039706,CGACAFTENSMUST00000199256,predicted,CGATENSMUST00000199256,predicted,ENSMUST00000199256,known
ENSCAFG00000013075,SH3KBP1,SH3 domain containing kinase binding protein 1 ,ENSG00000147010,ENSMUSG00000040990,ENSCAFT00000020758,known,ENST00000397821,known,ENSMUST00000112456,known
ENSCAFG00000013075,SH3KBP1,SH3 domain containing kinase binding protein 1 ,ENSG00000147010,ENSMUSG00000040990,CGACAFTENST00000379716,predicted,ENST00000379716,known,ENSMUST00000112451,known
ENSCAFG00000013075,SH3KBP1,SH3 domain containing kinase binding protein 1 ,ENSG00000147010,ENSMUSG00000040990,CGACAFTENST00000379698,predicted,ENST00000379698,known,ENSMUST00000080394,known
ENSCAFG00000018484,ATP1B4,ATPase Na+/K+ transporting family member beta 4 ,ENSG00000101892,ENSMUSG00000016327,ENSCAFT00000029367,known,ENST00000361319,known,ENSMUST00000115134,known
ENSCAFG00000018484,ATP1B4,ATPase Na+/K+ transporting family member beta 4 ,ENSG00000101892,ENSMUSG00000016327,CGACAFTENST00000218008,predicted,ENST00000218008,known,ENSMUST00000016471,known
ENSCAFG00000013654,DPF2,double PHD fingers 2 ,ENSG00000133884,ENSMUSG00000024826,ENSCAFT00000021664,known,ENST00000252268,known,ENSMUST00000118623,known
ENSCAFG00000013654,DPF2,double PHD fingers 2 ,ENSG00000133884,ENSMUSG00000024826,ENSCAFT00000021663,known,ENST00000528416,known,ENSMUST00000136983,known
