human_ensemble_id_gene,gene_id,gene_name,mouse_ensembl_id,dog_ensembl_id,transcript,status,mouse_ortholog_transcript,status,dog_ortholog_transcript,status
ENSG00000170248,PDCD6IP,programmed cell death 6 interacting protein ,ENSMUSG00000032504,ENSCAFG00000004721,ENST00000307296,known,ENSMUST00000035086,known,ENSCAFT00000007604,known
ENSG00000170248,PDCD6IP,programmed cell death 6 interacting protein ,ENSMUSG00000032504,ENSCAFG00000004721,ENST00000457054,known,ENSMUST00000111861,known,CGACAFTENST00000457054,predicted
ENSG00000105879,CBLL1,Cbl proto-oncogene like 1 ,ENSMUSG00000020659,ENSCAFG00000031990,ENST00000440859,known,ENSMUST00000101499,known,ENSCAFT00000048678,known
ENSG00000105879,CBLL1,Cbl proto-oncogene like 1 ,ENSMUSG00000020659,ENSCAFG00000031990,ENST00000222597,known,CGAMUSTENST00000222597,predicted,CGACAFTENST00000222597,predicted
ENSG00000105879,CBLL1,Cbl proto-oncogene like 1 ,ENSMUSG00000020659,ENSCAFG00000031990,CGATENSMUST00000064240,predicted,ENSMUST00000064240,known,CGACAFTENSMUST00000064240,predicted
ENSG00000147955,SIGMAR1,sigma non-opioid intracellular receptor 1 ,ENSMUSG00000036078,ENSCAFG00000030020,ENST00000277010,known,ENSMUST00000059354,known,ENSCAFT00000043329,known
ENSG00000147955,SIGMAR1,sigma non-opioid intracellular receptor 1 ,ENSMUSG00000036078,ENSCAFG00000030020,ENST00000477726,known,ENSMUST00000071561,known,CGACAFTENST00000477726,predicted
ENSG00000147162,OGT,O-linked N-acetylglucosamine (GlcNAc) transferase ,ENSMUSG00000034160,ENSCAFG00000017134,ENST00000373719,known,ENSMUST00000044475,known,ENSCAFT00000027149,known
ENSG00000147162,OGT,O-linked N-acetylglucosamine (GlcNAc) transferase ,ENSMUSG00000034160,ENSCAFG00000017134,ENST00000373701,known,ENSMUST00000119299,known,CGACAFTENST00000373701,predicted
ENSG00000065613,SLK,STE20 like kinase ,ENSMUSG00000025060,ENSCAFG00000010516,ENST00000335753,known,ENSMUST00000026043,known,ENSCAFT00000045427,known
ENSG00000065613,SLK,STE20 like kinase ,ENSMUSG00000025060,ENSCAFG00000010516,ENST00000369755,known,ENSMUST00000051691,known,ENSCAFT00000016744,known
ENSG00000143545,RAB13,RAB13 member RAS oncogene family ,ENSMUSG00000027935,ENSCAFG00000017389,ENST00000368575,known,ENSMUST00000065418,known,ENSCAFT00000027549,known
ENSG00000143545,RAB13,RAB13 member RAS oncogene family ,ENSMUSG00000027935,ENSCAFG00000017389,ENST00000614713,known,ENSMUST00000107373,known,CGACAFTENST00000614713,predicted
ENSG00000100991,TRPC4AP,transient receptor potential cation channel subfamily C member 4 associated protein ,ENSMUSG00000038324,ENSCAFG00000007912,ENST00000451813,known,ENSMUST00000103140,known,CGACAFTENST00000451813,predicted
ENSG00000100991,TRPC4AP,transient receptor potential cation channel subfamily C member 4 associated protein ,ENSMUSG00000038324,ENSCAFG00000007912,ENST00000252015,known,ENSMUST00000041059,known,ENSCAFT00000044637,known
ENSG00000100991,TRPC4AP,transient receptor potential cation channel subfamily C member 4 associated protein ,ENSMUSG00000038324,ENSCAFG00000007912,CGATENSCAFT00000012642,predicted,CGAMUSTENSCAFT00000012642,predicted,ENSCAFT00000012642,known
ENSG00000136504,KAT7,lysine acetyltransferase 7 ,ENSMUSG00000038909,ENSCAFG00000016955,ENST00000259021,known,ENSMUST00000107734,known,ENSCAFT00000026849,known
ENSG00000136504,KAT7,lysine acetyltransferase 7 ,ENSMUSG00000038909,ENSCAFG00000016955,ENST00000454930,known,CGAMUSTENST00000454930,predicted,CGACAFTENST00000454930,predicted
ENSG00000136504,KAT7,lysine acetyltransferase 7 ,ENSMUSG00000038909,ENSCAFG00000016955,ENST00000509773,known,CGAMUSTENST00000509773,predicted,CGACAFTENST00000509773,predicted
ENSG00000136504,KAT7,lysine acetyltransferase 7 ,ENSMUSG00000038909,ENSCAFG00000016955,ENST00000510819,known,CGAMUSTENST00000510819,predicted,CGACAFTENST00000510819,predicted
ENSG00000136504,KAT7,lysine acetyltransferase 7 ,ENSMUSG00000038909,ENSCAFG00000016955,ENST00000424009,known,ENSMUST00000107733,known,CGACAFTENST00000424009,predicted
ENSG00000136504,KAT7,lysine acetyltransferase 7 ,ENSMUSG00000038909,ENSCAFG00000016955,CGATENSMUST00000103159,predicted,ENSMUST00000103159,known,CGACAFTENSMUST00000103159,predicted
ENSG00000171723,GPHN,gephyrin ,ENSMUSG00000047454,ENSCAFG00000016305,ENST00000315266,known,CGAMUSTENST00000315266,predicted,CGACAFTENST00000315266,predicted
ENSG00000171723,GPHN,gephyrin ,ENSMUSG00000047454,ENSCAFG00000016305,ENST00000478722,known,ENSMUST00000110388,known,CGACAFTENST00000478722,predicted
ENSG00000171723,GPHN,gephyrin ,ENSMUSG00000047454,ENSCAFG00000016305,CGATENSCAFT00000025875,predicted,CGAMUSTENSCAFT00000025875,predicted,ENSCAFT00000025875,known
ENSG00000171723,GPHN,gephyrin ,ENSMUSG00000047454,ENSCAFG00000016305,CGATENSMUST00000052472,predicted,ENSMUST00000052472,known,CGACAFTENSMUST00000052472,predicted
ENSG00000031698,SARS1,seryl-tRNA synthetase 1 ,ENSMUSG00000068739,ENSCAFG00000019847,ENST00000234677,known,ENSMUST00000090553,known,ENSCAFT00000031572,known
ENSG00000031698,SARS1,seryl-tRNA synthetase 1 ,ENSMUSG00000068739,ENSCAFG00000019847,ENST00000369923,known,ENSMUST00000102625,known,CGACAFTENST00000369923,predicted
ENSG00000118473,SGIP1,SH3GL interacting endocytic adaptor 1 ,ENSMUSG00000028524,ENSCAFG00000018570,ENST00000371039,known,CGAMUSTENST00000371039,predicted,CGACAFTENST00000371039,predicted
ENSG00000118473,SGIP1,SH3GL interacting endocytic adaptor 1 ,ENSMUSG00000028524,ENSCAFG00000018570,ENST00000371037,known,CGAMUSTENST00000371037,predicted,ENSCAFT00000029482,known
ENSG00000118473,SGIP1,SH3GL interacting endocytic adaptor 1 ,ENSMUSG00000028524,ENSCAFG00000018570,CGATENSMUST00000066824,predicted,ENSMUST00000066824,known,CGACAFTENSMUST00000066824,predicted
ENSG00000118473,SGIP1,SH3GL interacting endocytic adaptor 1 ,ENSMUSG00000028524,ENSCAFG00000018570,CGATENSMUST00000072481,predicted,ENSMUST00000072481,known,CGACAFTENSMUST00000072481,predicted
ENSG00000118473,SGIP1,SH3GL interacting endocytic adaptor 1 ,ENSMUSG00000028524,ENSCAFG00000018570,CGATENSMUST00000080728,predicted,ENSMUST00000080728,known,CGACAFTENSMUST00000080728,predicted
ENSG00000176463,SLCO3A1,solute carrier organic anion transporter family member 3A1 ,ENSMUSG00000025790,ENSCAFG00000011241,ENST00000318445,known,ENSMUST00000026897,known,CGACAFTENST00000318445,predicted
ENSG00000176463,SLCO3A1,solute carrier organic anion transporter family member 3A1 ,ENSMUSG00000025790,ENSCAFG00000011241,ENST00000424469,known,ENSMUST00000098371,known,ENSCAFT00000017864,known
ENSG00000142864,SERBP1,SERPINE1 mRNA binding protein 1 ,ENSMUSG00000036371,ENSCAFG00000018538,ENST00000370994,known,ENSMUST00000204293,known,CGACAFTENST00000370994,predicted
ENSG00000142864,SERBP1,SERPINE1 mRNA binding protein 1 ,ENSMUSG00000036371,ENSCAFG00000018538,ENST00000370995,known,ENSMUST00000042990,known,ENSCAFT00000029427,known
ENSG00000142864,SERBP1,SERPINE1 mRNA binding protein 1 ,ENSMUSG00000036371,ENSCAFG00000018538,ENST00000361219,known,ENSMUST00000203077,known,CGACAFTENST00000361219,predicted
ENSG00000142864,SERBP1,SERPINE1 mRNA binding protein 1 ,ENSMUSG00000036371,ENSCAFG00000018538,ENST00000370990,known,ENSMUST00000203436,known,CGACAFTENST00000370990,predicted
ENSG00000151136,BTBD11,BTB domain containing 11 ,ENSMUSG00000020042,ENSCAFG00000001793,ENST00000280758,known,ENSMUST00000105307,known,ENSCAFT00000002814,known
ENSG00000151136,BTBD11,BTB domain containing 11 ,ENSMUSG00000020042,ENSCAFG00000001793,ENST00000357167,known,ENSMUST00000105306,known,CGACAFTENST00000357167,predicted
ENSG00000108788,MLX,MAX dimerization protein MLX ,ENSMUSG00000017801,ENSCAFG00000029102,ENST00000435881,known,ENSMUST00000107302,known,CGACAFTENST00000435881,predicted
ENSG00000108788,MLX,MAX dimerization protein MLX ,ENSMUSG00000017801,ENSCAFG00000029102,ENST00000246912,known,ENSMUST00000017945,known,ENSCAFT00000023708,known
ENSG00000108788,MLX,MAX dimerization protein MLX ,ENSMUSG00000017801,ENSCAFG00000029102,ENST00000346833,known,ENSMUST00000107303,known,CGACAFTENST00000346833,predicted
ENSG00000163950,SLBP,stem-loop binding protein ,ENSMUSG00000004642,ENSCAFG00000015016,ENST00000429429,known,CGAMUSTENST00000429429,predicted,CGACAFTENST00000429429,predicted
ENSG00000163950,SLBP,stem-loop binding protein ,ENSMUSG00000004642,ENSCAFG00000015016,ENST00000489418,known,ENSMUST00000057551,known,ENSCAFT00000023830,known
ENSG00000163950,SLBP,stem-loop binding protein ,ENSMUSG00000004642,ENSCAFG00000015016,ENST00000488267,known,CGAMUSTENST00000488267,predicted,CGACAFTENST00000488267,predicted
ENSG00000163950,SLBP,stem-loop binding protein ,ENSMUSG00000004642,ENSCAFG00000015016,CGATENSMUST00000101354,predicted,ENSMUST00000101354,known,CGACAFTENSMUST00000101354,predicted
ENSG00000011275,RNF216,ring finger protein 216 ,ENSMUSG00000045078,ENSCAFG00000015990,ENST00000425013,known,ENSMUST00000053498,known,CGACAFTENST00000425013,predicted
ENSG00000011275,RNF216,ring finger protein 216 ,ENSMUSG00000045078,ENSCAFG00000015990,ENST00000389902,known,ENSMUST00000200607,known,ENSCAFT00000025386,known
ENSG00000072849,DERL2,derlin 2 ,ENSMUSG00000018442,ENSCAFG00000032265,ENST00000158771,known,ENSMUST00000143850,known,ENSCAFT00000044998,known
ENSG00000072849,DERL2,derlin 2 ,ENSMUSG00000018442,ENSCAFG00000032265,ENST00000572834,known,CGAMUSTENST00000572834,predicted,CGACAFTENST00000572834,predicted
ENSG00000072849,DERL2,derlin 2 ,ENSMUSG00000018442,ENSCAFG00000032265,CGATENSMUST00000171041,predicted,ENSMUST00000171041,known,CGACAFTENSMUST00000171041,predicted
ENSG00000179950,PUF60,poly(U) binding splicing factor 60 ,ENSMUSG00000002524,ENSCAFG00000001400,ENST00000526683,known,ENSMUST00000100527,known,CGACAFTENST00000526683,predicted
ENSG00000179950,PUF60,poly(U) binding splicing factor 60 ,ENSMUSG00000002524,ENSCAFG00000001400,ENST00000453551,known,CGAMUSTENST00000453551,predicted,CGACAFTENST00000453551,predicted
ENSG00000179950,PUF60,poly(U) binding splicing factor 60 ,ENSMUSG00000002524,ENSCAFG00000001400,ENST00000313352,known,CGAMUSTENST00000313352,predicted,CGACAFTENST00000313352,predicted
ENSG00000179950,PUF60,poly(U) binding splicing factor 60 ,ENSMUSG00000002524,ENSCAFG00000001400,ENST00000456095,known,CGAMUSTENST00000456095,predicted,CGACAFTENST00000456095,predicted
ENSG00000179950,PUF60,poly(U) binding splicing factor 60 ,ENSMUSG00000002524,ENSCAFG00000001400,ENST00000349157,known,ENSMUST00000002599,known,ENSCAFT00000002168,known
ENSG00000179950,PUF60,poly(U) binding splicing factor 60 ,ENSMUSG00000002524,ENSCAFG00000001400,ENST00000527197,known,CGAMUSTENST00000527197,predicted,CGACAFTENST00000527197,predicted
ENSG00000096746,HNRNPH3,heterogeneous nuclear ribonucleoprotein H3 ,ENSMUSG00000020069,ENSCAFG00000013619,ENST00000354695,known,ENSMUST00000118898,known,CGACAFTENST00000354695,predicted
ENSG00000096746,HNRNPH3,heterogeneous nuclear ribonucleoprotein H3 ,ENSMUSG00000020069,ENSCAFG00000013619,ENST00000265866,known,ENSMUST00000020263,known,ENSCAFT00000000525,known
ENSG00000112280,COL9A1,collagen type IX alpha 1 chain ,ENSMUSG00000026147,ENSCAFG00000002589,ENST00000357250,known,ENSMUST00000054588,known,CGACAFTENST00000357250,predicted
ENSG00000112280,COL9A1,collagen type IX alpha 1 chain ,ENSMUSG00000026147,ENSCAFG00000002589,ENST00000320755,known,ENSMUST00000088349,known,CGACAFTENST00000320755,predicted
ENSG00000063244,U2AF2,U2 small nuclear RNA auxiliary factor 2 ,ENSMUSG00000030435,ENSCAFG00000002551,ENST00000450554,known,ENSMUST00000005041,known,ENSCAFT00000004031,known
ENSG00000063244,U2AF2,U2 small nuclear RNA auxiliary factor 2 ,ENSMUSG00000030435,ENSCAFG00000002551,ENST00000308924,known,ENSMUST00000209099,known,CGACAFTENST00000308924,predicted
ENSG00000100796,PPP4R3A,protein phosphatase 4 regulatory subunit 3A ,ENSMUSG00000041846,ENSCAFG00000017570,ENST00000554684,known,ENSMUST00000048305,known,CGACAFTENST00000554684,predicted
ENSG00000100796,PPP4R3A,protein phosphatase 4 regulatory subunit 3A ,ENSMUSG00000041846,ENSCAFG00000017570,ENST00000555462,known,CGAMUSTENST00000555462,predicted,CGACAFTENST00000555462,predicted
ENSG00000100796,PPP4R3A,protein phosphatase 4 regulatory subunit 3A ,ENSMUSG00000041846,ENSCAFG00000017570,CGATENSMUST00000163095,predicted,ENSMUST00000163095,known,ENSCAFT00000027870,known
ENSG00000131437,KIF3A,kinesin family member 3A ,ENSMUSG00000018395,ENSCAFG00000000898,ENST00000378746,known,ENSMUST00000057330,known,ENSCAFT00000001399,known
ENSG00000131437,KIF3A,kinesin family member 3A ,ENSMUSG00000018395,ENSCAFG00000000898,ENST00000378735,known,ENSMUST00000120613,known,CGACAFTENST00000378735,predicted
ENSG00000131437,KIF3A,kinesin family member 3A ,ENSMUSG00000018395,ENSCAFG00000000898,ENST00000403231,known,CGAMUSTENST00000403231,predicted,CGACAFTENST00000403231,predicted
ENSG00000131437,KIF3A,kinesin family member 3A ,ENSMUSG00000018395,ENSCAFG00000000898,CGATENSMUST00000173744,predicted,ENSMUST00000173744,known,CGACAFTENSMUST00000173744,predicted
ENSG00000204231,RXRB,retinoid X receptor beta ,ENSMUSG00000039656,ENSCAFG00000000912,ENST00000374685,known,ENSMUST00000044858,known,ENSCAFT00000001418,known
ENSG00000204231,RXRB,retinoid X receptor beta ,ENSMUSG00000039656,ENSCAFG00000000912,ENST00000374680,known,CGAMUSTENST00000374680,predicted,CGACAFTENST00000374680,predicted
ENSG00000204231,RXRB,retinoid X receptor beta ,ENSMUSG00000039656,ENSCAFG00000000912,CGATENSMUST00000173354,predicted,ENSMUST00000173354,known,CGACAFTENSMUST00000173354,predicted
ENSG00000204231,RXRB,retinoid X receptor beta ,ENSMUSG00000039656,ENSCAFG00000000912,CGATENSMUST00000116612,predicted,ENSMUST00000116612,known,CGACAFTENSMUST00000116612,predicted
ENSG00000143924,EML4,EMAP like 4 ,ENSMUSG00000032624,ENSCAFG00000006510,ENST00000318522,known,CGAMUSTENST00000318522,predicted,ENSCAFT00000010521,known
ENSG00000143924,EML4,EMAP like 4 ,ENSMUSG00000032624,ENSCAFG00000006510,ENST00000402711,known,ENSMUST00000112363,known,CGACAFTENST00000402711,predicted
ENSG00000143924,EML4,EMAP like 4 ,ENSMUSG00000032624,ENSCAFG00000006510,CGATENSMUST00000096766,predicted,ENSMUST00000096766,known,CGACAFTENSMUST00000096766,predicted
ENSG00000143924,EML4,EMAP like 4 ,ENSMUSG00000032624,ENSCAFG00000006510,CGATENSMUST00000049503,predicted,ENSMUST00000049503,known,CGACAFTENSMUST00000049503,predicted
ENSG00000143549,TPM3,tropomyosin 3 ,ENSMUSG00000027940,ENSCAFG00000017311,ENST00000368533,known,ENSMUST00000029549,known,CGACAFTENST00000368533,predicted
ENSG00000143549,TPM3,tropomyosin 3 ,ENSMUSG00000027940,ENSCAFG00000017311,ENST00000330188,known,CGAMUSTENST00000330188,predicted,ENSCAFT00000027452,known
ENSG00000143549,TPM3,tropomyosin 3 ,ENSMUSG00000027940,ENSCAFG00000017311,ENST00000328159,known,CGAMUSTENST00000328159,predicted,CGACAFTENST00000328159,predicted
ENSG00000143549,TPM3,tropomyosin 3 ,ENSMUSG00000027940,ENSCAFG00000017311,ENST00000302206,known,CGAMUSTENST00000302206,predicted,CGACAFTENST00000302206,predicted
ENSG00000143549,TPM3,tropomyosin 3 ,ENSMUSG00000027940,ENSCAFG00000017311,ENST00000368531,known,CGAMUSTENST00000368531,predicted,CGACAFTENST00000368531,predicted
ENSG00000143549,TPM3,tropomyosin 3 ,ENSMUSG00000027940,ENSCAFG00000017311,ENST00000323144,known,ENSMUST00000119158,known,CGACAFTENST00000323144,predicted
ENSG00000143549,TPM3,tropomyosin 3 ,ENSMUSG00000027940,ENSCAFG00000017311,ENST00000368530,known,CGAMUSTENST00000368530,predicted,CGACAFTENST00000368530,predicted
ENSG00000143549,TPM3,tropomyosin 3 ,ENSMUSG00000027940,ENSCAFG00000017311,ENST00000611659,known,CGAMUSTENST00000611659,predicted,CGACAFTENST00000611659,predicted
ENSG00000143549,TPM3,tropomyosin 3 ,ENSMUSG00000027940,ENSCAFG00000017311,CGATENSMUST00000119570,predicted,ENSMUST00000119570,known,CGACAFTENSMUST00000119570,predicted
ENSG00000148339,SLC25A25,solute carrier family 25 member 25 ,ENSMUSG00000026819,ENSCAFG00000020091,ENST00000373068,known,ENSMUST00000113310,known,ENSCAFT00000031982,known
ENSG00000148339,SLC25A25,solute carrier family 25 member 25 ,ENSMUSG00000026819,ENSCAFG00000020091,ENST00000373069,known,ENSMUST00000028160,known,CGACAFTENST00000373069,predicted
ENSG00000148339,SLC25A25,solute carrier family 25 member 25 ,ENSMUSG00000026819,ENSCAFG00000020091,ENST00000373066,known,ENSMUST00000052119,known,CGACAFTENST00000373066,predicted
ENSG00000148339,SLC25A25,solute carrier family 25 member 25 ,ENSMUSG00000026819,ENSCAFG00000020091,ENST00000432073,known,CGAMUSTENST00000432073,predicted,CGACAFTENST00000432073,predicted
ENSG00000148339,SLC25A25,solute carrier family 25 member 25 ,ENSMUSG00000026819,ENSCAFG00000020091,ENST00000373064,known,ENSMUST00000113307,known,CGACAFTENST00000373064,predicted
ENSG00000126457,PRMT1,protein arginine methyltransferase 1 ,ENSMUSG00000109324,ENSCAFG00000003589,ENST00000391851,known,ENSMUST00000207370,known,CGACAFTENST00000391851,predicted
ENSG00000126457,PRMT1,protein arginine methyltransferase 1 ,ENSMUSG00000109324,ENSCAFG00000003589,ENST00000454376,known,ENSMUST00000107843,known,ENSCAFT00000005773,known
ENSG00000126457,PRMT1,protein arginine methyltransferase 1 ,ENSMUSG00000109324,ENSCAFG00000003589,ENST00000610806,known,CGAMUSTENST00000610806,predicted,CGACAFTENST00000610806,predicted
ENSG00000126457,PRMT1,protein arginine methyltransferase 1 ,ENSMUSG00000109324,ENSCAFG00000003589,CGATENSMUST00000207659,predicted,ENSMUST00000207659,known,CGACAFTENSMUST00000207659,predicted
ENSG00000179295,PTPN11,protein tyrosine phosphatase non-receptor type 11 ,ENSMUSG00000043733,ENSCAFG00000008894,ENST00000392597,known,CGAMUSTENST00000392597,predicted,CGACAFTENST00000392597,predicted
ENSG00000179295,PTPN11,protein tyrosine phosphatase non-receptor type 11 ,ENSMUSG00000043733,ENSCAFG00000008894,ENST00000351677,known,ENSMUST00000100770,known,ENSCAFT00000014133,known
ENSG00000179295,PTPN11,protein tyrosine phosphatase non-receptor type 11 ,ENSMUSG00000043733,ENSCAFG00000008894,ENST00000635625,known,ENSMUST00000054547,known,CGACAFTENST00000635625,predicted
ENSG00000067840,PDZD4,PDZ domain containing 4 ,ENSMUSG00000002006,ENSCAFG00000019290,ENST00000164640,known,CGAMUSTENST00000164640,predicted,ENSCAFT00000030629,known
ENSG00000067840,PDZD4,PDZ domain containing 4 ,ENSMUSG00000002006,ENSCAFG00000019290,ENST00000544474,known,ENSMUST00000114438,known,CGACAFTENST00000544474,predicted
ENSG00000067840,PDZD4,PDZ domain containing 4 ,ENSMUSG00000002006,ENSCAFG00000019290,ENST00000393758,known,ENSMUST00000002080,known,CGACAFTENST00000393758,predicted
ENSG00000135108,FBXO21,F-box protein 21 ,ENSMUSG00000032898,ENSCAFG00000009303,ENST00000622495,known,ENSMUST00000035579,known,ENSCAFT00000014796,known
ENSG00000135108,FBXO21,F-box protein 21 ,ENSMUSG00000032898,ENSCAFG00000009303,ENST00000330622,known,ENSMUST00000202447,known,CGACAFTENST00000330622,predicted
ENSG00000166167,BTRC,beta-transducin repeat containing E3 ubiquitin protein ligase ,ENSMUSG00000025217,ENSCAFG00000009879,ENST00000370187,known,ENSMUST00000065601,known,ENSCAFT00000015696,known
ENSG00000166167,BTRC,beta-transducin repeat containing E3 ubiquitin protein ligase ,ENSMUSG00000025217,ENSCAFG00000009879,ENST00000408038,known,ENSMUST00000111936,known,CGACAFTENST00000408038,predicted
ENSG00000166167,BTRC,beta-transducin repeat containing E3 ubiquitin protein ligase ,ENSMUSG00000025217,ENSCAFG00000009879,ENST00000393441,known,CGAMUSTENST00000393441,predicted,CGACAFTENST00000393441,predicted
ENSG00000149930,TAOK2,TAO kinase 2 ,ENSMUSG00000059981,ENSCAFG00000017039,ENST00000308893,known,CGAMUSTENST00000308893,predicted,ENSCAFT00000026995,known
ENSG00000149930,TAOK2,TAO kinase 2 ,ENSMUSG00000059981,ENSCAFG00000017039,ENST00000543033,known,CGAMUSTENST00000543033,predicted,CGACAFTENST00000543033,predicted
ENSG00000149930,TAOK2,TAO kinase 2 ,ENSMUSG00000059981,ENSCAFG00000017039,ENST00000279394,known,CGAMUSTENST00000279394,predicted,ENSCAFT00000045721,known
ENSG00000149930,TAOK2,TAO kinase 2 ,ENSMUSG00000059981,ENSCAFG00000017039,CGATENSMUST00000071268,predicted,ENSMUST00000071268,known,CGACAFTENSMUST00000071268,predicted
ENSG00000149930,TAOK2,TAO kinase 2 ,ENSMUSG00000059981,ENSCAFG00000017039,CGATENSMUST00000117394,predicted,ENSMUST00000117394,known,CGACAFTENSMUST00000117394,predicted
ENSG00000135316,SYNCRIP,synaptotagmin binding cytoplasmic RNA interacting protein ,ENSMUSG00000032423,ENSCAFG00000003024,ENST00000355238,known,ENSMUST00000069221,known,ENSCAFT00000004869,known
ENSG00000135316,SYNCRIP,synaptotagmin binding cytoplasmic RNA interacting protein ,ENSMUSG00000032423,ENSCAFG00000003024,ENST00000369622,known,ENSMUST00000173801,known,CGACAFTENST00000369622,predicted
ENSG00000135316,SYNCRIP,synaptotagmin binding cytoplasmic RNA interacting protein ,ENSMUSG00000032423,ENSCAFG00000003024,ENST00000616122,known,ENSMUST00000174391,known,CGACAFTENST00000616122,predicted
ENSG00000135316,SYNCRIP,synaptotagmin binding cytoplasmic RNA interacting protein ,ENSMUSG00000032423,ENSCAFG00000003024,CGATENSMUST00000174282,predicted,ENSMUST00000174282,known,CGACAFTENSMUST00000174282,predicted
ENSG00000087087,SRRT,serrate RNA effector molecule ,ENSMUSG00000037364,ENSCAFG00000023538,ENST00000618262,known,CGAMUSTENST00000618262,predicted,CGACAFTENST00000618262,predicted
ENSG00000087087,SRRT,serrate RNA effector molecule ,ENSMUSG00000037364,ENSCAFG00000023538,ENST00000614484,known,CGAMUSTENST00000614484,predicted,CGACAFTENST00000614484,predicted
ENSG00000087087,SRRT,serrate RNA effector molecule ,ENSMUSG00000037364,ENSCAFG00000023538,ENST00000618411,known,CGAMUSTENST00000618411,predicted,CGACAFTENST00000618411,predicted
ENSG00000087087,SRRT,serrate RNA effector molecule ,ENSMUSG00000037364,ENSCAFG00000023538,ENST00000611405,known,ENSMUST00000040873,known,ENSCAFT00000022237,known
ENSG00000087087,SRRT,serrate RNA effector molecule ,ENSMUSG00000037364,ENSCAFG00000023538,CGATENSMUST00000199243,predicted,ENSMUST00000199243,known,CGACAFTENSMUST00000199243,predicted
ENSG00000087087,SRRT,serrate RNA effector molecule ,ENSMUSG00000037364,ENSCAFG00000023538,CGATENSMUST00000197466,predicted,ENSMUST00000197466,known,CGACAFTENSMUST00000197466,predicted
ENSG00000171843,MLLT3,MLLT3 super elongation complex subunit ,ENSMUSG00000028496,ENSCAFG00000001635,ENST00000380338,known,ENSMUST00000078090,known,ENSCAFT00000002592,known
ENSG00000171843,MLLT3,MLLT3 super elongation complex subunit ,ENSMUSG00000028496,ENSCAFG00000001635,ENST00000630269,known,CGAMUSTENST00000630269,predicted,CGACAFTENST00000630269,predicted
ENSG00000171843,MLLT3,MLLT3 super elongation complex subunit ,ENSMUSG00000028496,ENSCAFG00000001635,CGATENSMUST00000126353,predicted,ENSMUST00000126353,known,CGACAFTENSMUST00000126353,predicted
ENSG00000171843,MLLT3,MLLT3 super elongation complex subunit ,ENSMUSG00000028496,ENSCAFG00000001635,CGATENSMUST00000149357,predicted,ENSMUST00000149357,known,CGACAFTENSMUST00000149357,predicted
ENSG00000107758,PPP3CB,protein phosphatase 3 catalytic subunit beta ,ENSMUSG00000021816,ENSCAFG00000014818,ENST00000360663,known,ENSMUST00000161445,known,ENSCAFT00000023521,known
ENSG00000107758,PPP3CB,protein phosphatase 3 catalytic subunit beta ,ENSMUSG00000021816,ENSCAFG00000014818,ENST00000394829,known,ENSMUST00000159027,known,CGACAFTENST00000394829,predicted
ENSG00000107758,PPP3CB,protein phosphatase 3 catalytic subunit beta ,ENSMUSG00000021816,ENSCAFG00000014818,ENST00000394828,known,ENSMUST00000022355,known,CGACAFTENST00000394828,predicted
ENSG00000138660,AP1AR,adaptor related protein complex 1 associated regulatory protein ,ENSMUSG00000074238,ENSCAFG00000011643,ENST00000274000,known,ENSMUST00000051737,known,ENSCAFT00000018483,known
ENSG00000138660,AP1AR,adaptor related protein complex 1 associated regulatory protein ,ENSMUSG00000074238,ENSCAFG00000011643,ENST00000309703,known,ENSMUST00000200409,known,CGACAFTENST00000309703,predicted
ENSG00000125740,FOSB,FosB proto-oncogene, AP-1 transcription factor subunit ,ENSMUSG00000003545,ENSCAFG00000004443,ENST00000417353,known,CGAMUSTENST00000417353,predicted,CGACAFTENST00000417353,predicted
ENSG00000125740,FOSB,FosB proto-oncogene, AP-1 transcription factor subunit ,ENSMUSG00000003545,ENSCAFG00000004443,ENST00000353609,known,ENSMUST00000003640,known,ENSCAFT00000007160,known
ENSG00000125740,FOSB,FosB proto-oncogene, AP-1 transcription factor subunit ,ENSMUSG00000003545,ENSCAFG00000004443,CGATENSMUST00000208446,predicted,ENSMUST00000208446,known,CGACAFTENSMUST00000208446,predicted
ENSG00000080546,SESN1,sestrin 1 ,ENSMUSG00000038332,ENSCAFG00000003793,ENST00000436639,known,ENSMUST00000099931,known,ENSCAFT00000035517,known
ENSG00000080546,SESN1,sestrin 1 ,ENSMUSG00000038332,ENSCAFG00000003793,ENST00000302071,known,CGAMUSTENST00000302071,predicted,CGACAFTENST00000302071,predicted
ENSG00000080546,SESN1,sestrin 1 ,ENSMUSG00000038332,ENSCAFG00000003793,ENST00000356644,known,ENSMUST00000041438,known,CGACAFTENST00000356644,predicted
ENSG00000117569,PTBP2,polypyrimidine tract binding protein 2 ,ENSMUSG00000028134,ENSCAFG00000020080,ENST00000609116,known,ENSMUST00000029780,known,ENSCAFT00000031985,known
ENSG00000117569,PTBP2,polypyrimidine tract binding protein 2 ,ENSMUSG00000028134,ENSCAFG00000020080,ENST00000370198,known,CGAMUSTENST00000370198,predicted,CGACAFTENST00000370198,predicted
ENSG00000117569,PTBP2,polypyrimidine tract binding protein 2 ,ENSMUSG00000028134,ENSCAFG00000020080,ENST00000370197,known,CGAMUSTENST00000370197,predicted,CGACAFTENST00000370197,predicted
ENSG00000117569,PTBP2,polypyrimidine tract binding protein 2 ,ENSMUSG00000028134,ENSCAFG00000020080,ENST00000426398,known,ENSMUST00000200097,known,CGACAFTENST00000426398,predicted
ENSG00000117362,APH1A,aph-1 homolog A, gamma-secretase subunit ,ENSMUSG00000015750,ENSCAFG00000011777,ENST00000369109,known,ENSMUST00000056710,known,ENSCAFT00000018712,known
ENSG00000117362,APH1A,aph-1 homolog A, gamma-secretase subunit ,ENSMUSG00000015750,ENSCAFG00000011777,ENST00000360244,known,ENSMUST00000015894,known,CGACAFTENST00000360244,predicted
ENSG00000117362,APH1A,aph-1 homolog A, gamma-secretase subunit ,ENSMUSG00000015750,ENSCAFG00000011777,ENST00000414276,known,CGAMUSTENST00000414276,predicted,CGACAFTENST00000414276,predicted
ENSG00000186591,UBE2H,ubiquitin conjugating enzyme E2 H ,ENSMUSG00000039159,ENSCAFG00000001505,ENST00000355621,known,ENSMUST00000102993,known,ENSCAFT00000002348,known
ENSG00000186591,UBE2H,ubiquitin conjugating enzyme E2 H ,ENSMUSG00000039159,ENSCAFG00000001505,ENST00000473814,known,ENSMUST00000094543,known,CGACAFTENST00000473814,predicted
ENSG00000001167,NFYA,nuclear transcription factor Y subunit alpha ,ENSMUSG00000023994,ENSCAFG00000001580,ENST00000341376,known,ENSMUST00000046719,known,CGACAFTENST00000341376,predicted
ENSG00000001167,NFYA,nuclear transcription factor Y subunit alpha ,ENSMUSG00000023994,ENSCAFG00000001580,ENST00000353205,known,ENSMUST00000162460,known,CGACAFTENST00000353205,predicted
ENSG00000001167,NFYA,nuclear transcription factor Y subunit alpha ,ENSMUSG00000023994,ENSCAFG00000001580,CGATENSMUST00000078800,predicted,ENSMUST00000078800,known,ENSCAFT00000002475,known
ENSG00000001167,NFYA,nuclear transcription factor Y subunit alpha ,ENSMUSG00000023994,ENSCAFG00000001580,CGATENSMUST00000159063,predicted,ENSMUST00000159063,known,CGACAFTENSMUST00000159063,predicted
ENSG00000133687,TMTC1,transmembrane O-mannosyltransferase targeting cadherins 1 ,ENSMUSG00000030306,ENSCAFG00000010821,ENST00000256062,known,CGAMUSTENST00000256062,predicted,CGACAFTENST00000256062,predicted
ENSG00000133687,TMTC1,transmembrane O-mannosyltransferase targeting cadherins 1 ,ENSMUSG00000030306,ENSCAFG00000010821,ENST00000539277,known,CGAMUSTENST00000539277,predicted,CGACAFTENST00000539277,predicted
ENSG00000133687,TMTC1,transmembrane O-mannosyltransferase targeting cadherins 1 ,ENSMUSG00000030306,ENSCAFG00000010821,CGATENSMUST00000060095,predicted,ENSMUST00000060095,known,ENSCAFT00000017221,known
ENSG00000133687,TMTC1,transmembrane O-mannosyltransferase targeting cadherins 1 ,ENSMUSG00000030306,ENSCAFG00000010821,CGATENSMUST00000100772,predicted,ENSMUST00000100772,known,CGACAFTENSMUST00000100772,predicted
ENSG00000104894,CD37,CD37 molecule ,ENSMUSG00000030798,ENSCAFG00000003709,ENST00000426897,known,CGAMUSTENST00000426897,predicted,CGACAFTENST00000426897,predicted
ENSG00000104894,CD37,CD37 molecule ,ENSMUSG00000030798,ENSCAFG00000003709,ENST00000323906,known,ENSMUST00000098461,known,ENSCAFT00000045237,known
ENSG00000104894,CD37,CD37 molecule ,ENSMUSG00000030798,ENSCAFG00000003709,CGATENSMUST00000033063,predicted,ENSMUST00000033063,known,ENSCAFT00000005965,known
ENSG00000116132,PRRX1,paired related homeobox 1 ,ENSMUSG00000026586,ENSCAFG00000015002,ENST00000367760,known,ENSMUST00000075805,known,ENSCAFT00000049641,known
ENSG00000116132,PRRX1,paired related homeobox 1 ,ENSMUSG00000026586,ENSCAFG00000015002,ENST00000239461,known,ENSMUST00000027878,known,ENSCAFT00000023797,known
ENSG00000116132,PRRX1,paired related homeobox 1 ,ENSMUSG00000026586,ENSCAFG00000015002,CGATENSMUST00000174397,predicted,ENSMUST00000174397,known,CGACAFTENSMUST00000174397,predicted
ENSG00000138814,PPP3CA,protein phosphatase 3 catalytic subunit alpha ,ENSMUSG00000028161,ENSCAFG00000010644,ENST00000394854,known,ENSMUST00000056758,known,ENSCAFT00000016916,known
ENSG00000138814,PPP3CA,protein phosphatase 3 catalytic subunit alpha ,ENSMUSG00000028161,ENSCAFG00000010644,ENST00000323055,known,CGAMUSTENST00000323055,predicted,CGACAFTENST00000323055,predicted
ENSG00000138814,PPP3CA,protein phosphatase 3 catalytic subunit alpha ,ENSMUSG00000028161,ENSCAFG00000010644,ENST00000394853,known,ENSMUST00000070198,known,ENSCAFT00000014940,known
ENSG00000169242,EFNA1,ephrin A1 ,ENSMUSG00000027954,ENSCAFG00000017069,ENST00000368407,known,ENSMUST00000029566,known,ENSCAFT00000027032,known
ENSG00000169242,EFNA1,ephrin A1 ,ENSMUSG00000027954,ENSCAFG00000017069,ENST00000368406,known,CGAMUSTENST00000368406,predicted,CGACAFTENST00000368406,predicted
ENSG00000169242,EFNA1,ephrin A1 ,ENSMUSG00000027954,ENSCAFG00000017069,CGATENSMUST00000118587,predicted,ENSMUST00000118587,known,CGACAFTENSMUST00000118587,predicted
ENSG00000083896,YTHDC1,YTH domain containing 1 ,ENSMUSG00000035851,ENSCAFG00000002821,ENST00000344157,known,ENSMUST00000120498,known,ENSCAFT00000004512,known
ENSG00000083896,YTHDC1,YTH domain containing 1 ,ENSMUSG00000035851,ENSCAFG00000002821,ENST00000355665,known,ENSMUST00000119339,known,CGACAFTENST00000355665,predicted
ENSG00000083896,YTHDC1,YTH domain containing 1 ,ENSMUSG00000035851,ENSCAFG00000002821,ENST00000579690,known,ENSMUST00000038384,known,CGACAFTENST00000579690,predicted
ENSG00000141380,SS18,SS18 subunit of BAF chromatin remodeling complex ,ENSMUSG00000037013,ENSCAFG00000018147,ENST00000415083,known,ENSMUST00000040924,known,ENSCAFT00000028827,known
ENSG00000141380,SS18,SS18 subunit of BAF chromatin remodeling complex ,ENSMUSG00000037013,ENSCAFG00000018147,ENST00000542420,known,CGAMUSTENST00000542420,predicted,CGACAFTENST00000542420,predicted
ENSG00000141380,SS18,SS18 subunit of BAF chromatin remodeling complex ,ENSMUSG00000037013,ENSCAFG00000018147,ENST00000269137,known,ENSMUST00000092041,known,CGACAFTENST00000269137,predicted
ENSG00000141380,SS18,SS18 subunit of BAF chromatin remodeling complex ,ENSMUSG00000037013,ENSCAFG00000018147,CGATENSMUST00000040964,predicted,ENSMUST00000040964,known,CGACAFTENSMUST00000040964,predicted
ENSG00000070808,CAMK2A,calcium/calmodulin dependent protein kinase II alpha ,ENSMUSG00000024617,ENSCAFG00000018163,ENST00000348628,known,ENSMUST00000102888,known,ENSCAFT00000028867,known
ENSG00000070808,CAMK2A,calcium/calmodulin dependent protein kinase II alpha ,ENSMUSG00000024617,ENSCAFG00000018163,ENST00000398376,known,CGAMUSTENST00000398376,predicted,CGACAFTENST00000398376,predicted
ENSG00000070808,CAMK2A,calcium/calmodulin dependent protein kinase II alpha ,ENSMUSG00000024617,ENSCAFG00000018163,CGATENSMUST00000115295,predicted,ENSMUST00000115295,known,CGACAFTENSMUST00000115295,predicted
ENSG00000070808,CAMK2A,calcium/calmodulin dependent protein kinase II alpha ,ENSMUSG00000024617,ENSCAFG00000018163,CGATENSMUST00000039904,predicted,ENSMUST00000039904,known,CGACAFTENSMUST00000039904,predicted
ENSG00000049130,KITLG,KIT ligand ,ENSMUSG00000019966,ENSCAFG00000006091,ENST00000228280,known,ENSMUST00000105283,known,ENSCAFT00000009854,known
ENSG00000049130,KITLG,KIT ligand ,ENSMUSG00000019966,ENSCAFG00000006091,ENST00000347404,known,ENSMUST00000020129,known,CGACAFTENST00000347404,predicted
ENSG00000135018,UBQLN1,ubiquilin 1 ,ENSMUSG00000005312,ENSCAFG00000001435,ENST00000376395,known,ENSMUST00000058735,known,ENSCAFT00000002236,known
ENSG00000135018,UBQLN1,ubiquilin 1 ,ENSMUSG00000005312,ENSCAFG00000001435,ENST00000257468,known,ENSMUST00000076454,known,CGACAFTENST00000257468,predicted
ENSG00000175416,CLTB,clathrin light chain B ,ENSMUSG00000047547,ENSCAFG00000016689,ENST00000310418,known,ENSMUST00000049575,known,ENSCAFT00000026430,known
ENSG00000175416,CLTB,clathrin light chain B ,ENSMUSG00000047547,ENSCAFG00000016689,ENST00000345807,known,ENSMUST00000091609,known,CGACAFTENST00000345807,predicted
ENSG00000179262,RAD23A,RAD23 homolog A, nucleotide excision repair protein ,ENSMUSG00000003813,ENSCAFG00000017085,ENST00000316856,known,ENSMUST00000003911,known,ENSCAFT00000027066,known
ENSG00000179262,RAD23A,RAD23 homolog A, nucleotide excision repair protein ,ENSMUSG00000003813,ENSCAFG00000017085,ENST00000586534,known,ENSMUST00000109761,known,CGACAFTENST00000586534,predicted
ENSG00000179262,RAD23A,RAD23 homolog A, nucleotide excision repair protein ,ENSMUSG00000003813,ENSCAFG00000017085,ENST00000592268,known,CGAMUSTENST00000592268,predicted,CGACAFTENST00000592268,predicted
ENSG00000127837,AAMP,angio associated migratory cell protein ,ENSMUSG00000006299,ENSCAFG00000014625,ENST00000248450,known,ENSMUST00000006462,known,ENSCAFT00000023220,known
ENSG00000127837,AAMP,angio associated migratory cell protein ,ENSMUSG00000006299,ENSCAFG00000014625,ENST00000444053,known,ENSMUST00000178235,known,CGACAFTENST00000444053,predicted
ENSG00000204138,PHACTR4,phosphatase and actin regulator 4 ,ENSMUSG00000066043,ENSCAFG00000011801,ENST00000373839,known,ENSMUST00000102568,known,ENSCAFT00000042737,known
ENSG00000204138,PHACTR4,phosphatase and actin regulator 4 ,ENSMUSG00000066043,ENSCAFG00000011801,ENST00000373836,known,CGAMUSTENST00000373836,predicted,CGACAFTENST00000373836,predicted
ENSG00000204138,PHACTR4,phosphatase and actin regulator 4 ,ENSMUSG00000066043,ENSCAFG00000011801,CGATENSMUST00000084170,predicted,ENSMUST00000084170,known,CGACAFTENSMUST00000084170,predicted
ENSG00000170017,ALCAM,activated leukocyte cell adhesion molecule ,ENSMUSG00000022636,ENSCAFG00000009721,ENST00000306107,known,ENSMUST00000023312,known,ENSCAFT00000015434,known
ENSG00000170017,ALCAM,activated leukocyte cell adhesion molecule ,ENSMUSG00000022636,ENSCAFG00000009721,ENST00000472644,known,ENSMUST00000170035,known,CGACAFTENST00000472644,predicted
ENSG00000085978,ATG16L1,autophagy related 16 like 1 ,ENSMUSG00000026289,ENSCAFG00000011752,ENST00000392017,known,ENSMUST00000027512,known,ENSCAFT00000018720,known
ENSG00000085978,ATG16L1,autophagy related 16 like 1 ,ENSMUSG00000026289,ENSCAFG00000011752,ENST00000392020,known,ENSMUST00000113186,known,CGACAFTENST00000392020,predicted
ENSG00000085978,ATG16L1,autophagy related 16 like 1 ,ENSMUSG00000026289,ENSCAFG00000011752,ENST00000347464,known,CGAMUSTENST00000347464,predicted,CGACAFTENST00000347464,predicted
ENSG00000085978,ATG16L1,autophagy related 16 like 1 ,ENSMUSG00000026289,ENSCAFG00000011752,CGATENSMUST00000113190,predicted,ENSMUST00000113190,known,CGACAFTENSMUST00000113190,predicted
ENSG00000100095,SEZ6L,seizure related 6 homolog like ,ENSMUSG00000058153,ENSCAFG00000011694,ENST00000404234,known,ENSMUST00000079491,known,CGACAFTENST00000404234,predicted
ENSG00000100095,SEZ6L,seizure related 6 homolog like ,ENSMUSG00000058153,ENSCAFG00000011694,ENST00000360929,known,CGAMUSTENST00000360929,predicted,CGACAFTENST00000360929,predicted
ENSG00000100095,SEZ6L,seizure related 6 homolog like ,ENSMUSG00000058153,ENSCAFG00000011694,ENST00000629590,known,CGAMUSTENST00000629590,predicted,CGACAFTENST00000629590,predicted
ENSG00000100095,SEZ6L,seizure related 6 homolog like ,ENSMUSG00000058153,ENSCAFG00000011694,ENST00000248933,known,CGAMUSTENST00000248933,predicted,ENSCAFT00000018602,known
ENSG00000100095,SEZ6L,seizure related 6 homolog like ,ENSMUSG00000058153,ENSCAFG00000011694,ENST00000343706,known,CGAMUSTENST00000343706,predicted,CGACAFTENST00000343706,predicted
ENSG00000100095,SEZ6L,seizure related 6 homolog like ,ENSMUSG00000058153,ENSCAFG00000011694,ENST00000529632,known,CGAMUSTENST00000529632,predicted,CGACAFTENST00000529632,predicted
ENSG00000100095,SEZ6L,seizure related 6 homolog like ,ENSMUSG00000058153,ENSCAFG00000011694,CGATENSMUST00000075387,predicted,ENSMUST00000075387,known,CGACAFTENSMUST00000075387,predicted
ENSG00000100095,SEZ6L,seizure related 6 homolog like ,ENSMUSG00000058153,ENSCAFG00000011694,CGATENSMUST00000197425,predicted,ENSMUST00000197425,known,CGACAFTENSMUST00000197425,predicted
ENSG00000196821,ILRUN,inflammation and lipid regulator with UBA-like and NBR1-like domains ,ENSMUSG00000056692,ENSCAFG00000001229,ENST00000374023,known,ENSMUST00000114863,known,ENSCAFT00000001910,known
ENSG00000196821,ILRUN,inflammation and lipid regulator with UBA-like and NBR1-like domains ,ENSMUSG00000056692,ENSCAFG00000001229,ENST00000374026,known,CGAMUSTENST00000374026,predicted,CGACAFTENST00000374026,predicted
ENSG00000196821,ILRUN,inflammation and lipid regulator with UBA-like and NBR1-like domains ,ENSMUSG00000056692,ENSCAFG00000001229,CGATENSMUST00000114859,predicted,ENSMUST00000114859,known,CGACAFTENSMUST00000114859,predicted
ENSG00000171055,FEZ2,fasciculation and elongation protein zeta 2 ,ENSMUSG00000056121,ENSCAFG00000005904,ENST00000379245,known,ENSMUST00000112487,known,ENSCAFT00000009524,known
ENSG00000171055,FEZ2,fasciculation and elongation protein zeta 2 ,ENSMUSG00000056121,ENSCAFG00000005904,ENST00000405912,known,ENSMUST00000070039,known,ENSCAFT00000009525,known
ENSG00000166886,NAB2,NGFI-A binding protein 2 ,ENSMUSG00000025402,ENSCAFG00000000160,ENST00000300131,known,ENSMUST00000026469,known,ENSCAFT00000000260,known
ENSG00000166886,NAB2,NGFI-A binding protein 2 ,ENSMUSG00000025402,ENSCAFG00000000160,ENST00000342556,known,ENSMUST00000099157,known,CGACAFTENST00000342556,predicted
ENSG00000164176,EDIL3,EGF like repeats and discoidin domains 3 ,ENSMUSG00000034488,ENSCAFG00000008467,ENST00000296591,known,ENSMUST00000081769,known,ENSCAFT00000013454,known
ENSG00000164176,EDIL3,EGF like repeats and discoidin domains 3 ,ENSMUSG00000034488,ENSCAFG00000008467,ENST00000380138,known,ENSMUST00000043111,known,CGACAFTENST00000380138,predicted
ENSG00000186231,KLHL32,kelch like family member 32 ,ENSMUSG00000040387,ENSCAFG00000003452,ENST00000369261,known,ENSMUST00000108218,known,ENSCAFT00000005545,known
ENSG00000186231,KLHL32,kelch like family member 32 ,ENSMUSG00000040387,ENSCAFG00000003452,ENST00000536676,known,CGAMUSTENST00000536676,predicted,CGACAFTENST00000536676,predicted
ENSG00000186231,KLHL32,kelch like family member 32 ,ENSMUSG00000040387,ENSCAFG00000003452,ENST00000620278,known,CGAMUSTENST00000620278,predicted,CGACAFTENST00000620278,predicted
ENSG00000186231,KLHL32,kelch like family member 32 ,ENSMUSG00000040387,ENSCAFG00000003452,ENST00000539200,known,CGAMUSTENST00000539200,predicted,CGACAFTENST00000539200,predicted
ENSG00000186231,KLHL32,kelch like family member 32 ,ENSMUSG00000040387,ENSCAFG00000003452,CGATENSMUST00000084781,predicted,ENSMUST00000084781,known,CGACAFTENSMUST00000084781,predicted
ENSG00000182985,CADM1,cell adhesion molecule 1 ,ENSMUSG00000032076,ENSCAFG00000013482,ENST00000452722,known,ENSMUST00000114547,known,CGACAFTENST00000452722,predicted
ENSG00000182985,CADM1,cell adhesion molecule 1 ,ENSMUSG00000032076,ENSCAFG00000013482,ENST00000542447,known,ENSMUST00000034581,known,CGACAFTENST00000542447,predicted
ENSG00000182985,CADM1,cell adhesion molecule 1 ,ENSMUSG00000032076,ENSCAFG00000013482,ENST00000537058,known,ENSMUST00000085909,known,CGACAFTENST00000537058,predicted
ENSG00000182985,CADM1,cell adhesion molecule 1 ,ENSMUSG00000032076,ENSCAFG00000013482,ENST00000536727,known,CGAMUSTENST00000536727,predicted,CGACAFTENST00000536727,predicted
ENSG00000182985,CADM1,cell adhesion molecule 1 ,ENSMUSG00000032076,ENSCAFG00000013482,ENST00000331581,known,ENSMUST00000152459,known,CGACAFTENST00000331581,predicted
ENSG00000182985,CADM1,cell adhesion molecule 1 ,ENSMUSG00000032076,ENSCAFG00000013482,CGATENSCAFT00000021391,predicted,CGAMUSTENSCAFT00000021391,predicted,ENSCAFT00000021391,known
ENSG00000182985,CADM1,cell adhesion molecule 1 ,ENSMUSG00000032076,ENSCAFG00000013482,CGATENSMUST00000114548,predicted,ENSMUST00000114548,known,CGACAFTENSMUST00000114548,predicted
ENSG00000010295,IFFO1,intermediate filament family orphan 1 ,ENSMUSG00000038271,ENSCAFG00000015047,ENST00000336604,known,ENSMUST00000117675,known,CGACAFTENST00000336604,predicted
ENSG00000010295,IFFO1,intermediate filament family orphan 1 ,ENSMUSG00000038271,ENSCAFG00000015047,ENST00000396840,known,ENSMUST00000119527,known,CGACAFTENST00000396840,predicted
ENSG00000010295,IFFO1,intermediate filament family orphan 1 ,ENSMUSG00000038271,ENSCAFG00000015047,ENST00000356896,known,CGAMUSTENST00000356896,predicted,ENSCAFT00000023912,known
ENSG00000010295,IFFO1,intermediate filament family orphan 1 ,ENSMUSG00000038271,ENSCAFG00000015047,ENST00000619571,known,CGAMUSTENST00000619571,predicted,CGACAFTENST00000619571,predicted
ENSG00000161533,ACOX1,acyl-CoA oxidase 1 ,ENSMUSG00000020777,ENSCAFG00000004989,ENST00000293217,known,ENSMUST00000066587,known,ENSCAFT00000008030,known
ENSG00000161533,ACOX1,acyl-CoA oxidase 1 ,ENSMUSG00000020777,ENSCAFG00000004989,ENST00000301608,known,ENSMUST00000072948,known,ENSCAFT00000008028,known
ENSG00000163630,SYNPR,synaptoporin ,ENSMUSG00000056296,ENSCAFG00000029431,ENST00000478300,known,ENSMUST00000070323,known,ENSCAFT00000044457,known
ENSG00000163630,SYNPR,synaptoporin ,ENSMUSG00000056296,ENSCAFG00000029431,ENST00000295894,known,ENSMUST00000112656,known,CGACAFTENST00000295894,predicted
ENSG00000109943,CRTAM,cytotoxic and regulatory T cell molecule ,ENSMUSG00000032021,ENSCAFG00000011705,ENST00000227348,known,ENSMUST00000180384,known,ENSCAFT00000018571,known
ENSG00000109943,CRTAM,cytotoxic and regulatory T cell molecule ,ENSMUSG00000032021,ENSCAFG00000011705,ENST00000533709,known,CGAMUSTENST00000533709,predicted,CGACAFTENST00000533709,predicted
ENSG00000109943,CRTAM,cytotoxic and regulatory T cell molecule ,ENSMUSG00000032021,ENSCAFG00000011705,CGATENSMUST00000188848,predicted,ENSMUST00000188848,known,CGACAFTENSMUST00000188848,predicted
ENSG00000165061,ZMAT4,zinc finger matrin-type 4 ,ENSMUSG00000037492,ENSCAFG00000005744,ENST00000315769,known,CGAMUSTENST00000315769,predicted,CGACAFTENST00000315769,predicted
ENSG00000165061,ZMAT4,zinc finger matrin-type 4 ,ENSMUSG00000037492,ENSCAFG00000005744,ENST00000297737,known,ENSMUST00000042352,known,ENSCAFT00000009247,known
ENSG00000165061,ZMAT4,zinc finger matrin-type 4 ,ENSMUSG00000037492,ENSCAFG00000005744,CGATENSMUST00000207301,predicted,ENSMUST00000207301,known,CGACAFTENSMUST00000207301,predicted
ENSG00000128591,FLNC,filamin C ,ENSMUSG00000068699,ENSCAFG00000001585,ENST00000325888,known,ENSMUST00000065090,known,ENSCAFT00000002504,known
ENSG00000128591,FLNC,filamin C ,ENSMUSG00000068699,ENSCAFG00000001585,ENST00000346177,known,ENSMUST00000101617,known,CGACAFTENST00000346177,predicted
ENSG00000128591,FLNC,filamin C ,ENSMUSG00000068699,ENSCAFG00000001585,CGATENSCAFT00000045585,predicted,CGAMUSTENSCAFT00000045585,predicted,ENSCAFT00000045585,known
ENSG00000143952,VPS54,VPS54 subunit of GARP complex ,ENSMUSG00000020128,ENSCAFG00000003153,ENST00000409558,known,ENSMUST00000109578,known,ENSCAFT00000005085,known
ENSG00000143952,VPS54,VPS54 subunit of GARP complex ,ENSMUSG00000020128,ENSCAFG00000003153,ENST00000272322,known,ENSMUST00000006221,known,CGACAFTENST00000272322,predicted
ENSG00000138073,PREB,prolactin regulatory element binding ,ENSMUSG00000045302,ENSCAFG00000004688,ENST00000260643,known,ENSMUST00000074840,known,ENSCAFT00000007541,known
ENSG00000138073,PREB,prolactin regulatory element binding ,ENSMUSG00000045302,ENSCAFG00000004688,ENST00000406567,known,CGAMUSTENST00000406567,predicted,CGACAFTENST00000406567,predicted
ENSG00000138073,PREB,prolactin regulatory element binding ,ENSMUSG00000045302,ENSCAFG00000004688,CGATENSMUST00000202567,predicted,ENSMUST00000202567,known,CGACAFTENSMUST00000202567,predicted
ENSG00000111790,FGFR1OP2,FGFR1 oncogene partner 2 ,ENSMUSG00000040242,ENSCAFG00000011221,ENST00000229395,known,ENSMUST00000111663,known,ENSCAFT00000046942,known
ENSG00000111790,FGFR1OP2,FGFR1 oncogene partner 2 ,ENSMUSG00000040242,ENSCAFG00000011221,ENST00000546072,known,CGAMUSTENST00000546072,predicted,CGACAFTENST00000546072,predicted
ENSG00000111790,FGFR1OP2,FGFR1 oncogene partner 2 ,ENSMUSG00000040242,ENSCAFG00000011221,ENST00000327214,known,ENSMUST00000067404,known,ENSCAFT00000017839,known
ENSG00000138795,LEF1,lymphoid enhancer binding factor 1 ,ENSMUSG00000027985,ENSCAFG00000011252,ENST00000265165,known,ENSMUST00000029611,known,ENSCAFT00000017891,known
ENSG00000138795,LEF1,lymphoid enhancer binding factor 1 ,ENSMUSG00000027985,ENSCAFG00000011252,ENST00000438313,known,CGAMUSTENST00000438313,predicted,CGACAFTENST00000438313,predicted
ENSG00000138795,LEF1,lymphoid enhancer binding factor 1 ,ENSMUSG00000027985,ENSCAFG00000011252,ENST00000510624,known,CGAMUSTENST00000510624,predicted,CGACAFTENST00000510624,predicted
ENSG00000138795,LEF1,lymphoid enhancer binding factor 1 ,ENSMUSG00000027985,ENSCAFG00000011252,ENST00000379951,known,ENSMUST00000106341,known,CGACAFTENST00000379951,predicted
ENSG00000138795,LEF1,lymphoid enhancer binding factor 1 ,ENSMUSG00000027985,ENSCAFG00000011252,CGATENSMUST00000098611,predicted,ENSMUST00000098611,known,CGACAFTENSMUST00000098611,predicted
ENSG00000115593,ENSG00000115593,- Gene - NCBI,ENSMUSG00000055027,ENSCAFG00000007437,ENST00000419482,known,ENSMUST00000074301,known,ENSCAFT00000011926,known
ENSG00000115593,ENSG00000115593,- Gene - NCBI,ENSMUSG00000055027,ENSCAFG00000007437,ENST00000444564,known,ENSMUST00000114186,known,CGACAFTENST00000444564,predicted
ENSG00000090372,STRN4,striatin 4 ,ENSMUSG00000030374,ENSCAFG00000004226,ENST00000263280,known,ENSMUST00000108495,known,CGACAFTENST00000263280,predicted
ENSG00000090372,STRN4,striatin 4 ,ENSMUSG00000030374,ENSCAFG00000004226,ENST00000391910,known,ENSMUST00000019220,known,ENSCAFT00000006783,known
ENSG00000152492,CCDC50,coiled-coil domain containing 50 ,ENSMUSG00000038127,ENSCAFG00000014058,ENST00000392455,known,ENSMUST00000100026,known,ENSCAFT00000022321,known
ENSG00000152492,CCDC50,coiled-coil domain containing 50 ,ENSMUSG00000038127,ENSCAFG00000014058,ENST00000392456,known,CGAMUSTENST00000392456,predicted,CGACAFTENST00000392456,predicted
ENSG00000152492,CCDC50,coiled-coil domain containing 50 ,ENSMUSG00000038127,ENSCAFG00000014058,CGATENSMUST00000096127,predicted,ENSMUST00000096127,known,CGACAFTENSMUST00000096127,predicted
ENSG00000011347,SYT7,synaptotagmin 7 ,ENSMUSG00000024743,ENSCAFG00000016121,ENST00000263846,known,ENSMUST00000073899,known,CGACAFTENST00000263846,predicted
ENSG00000011347,SYT7,synaptotagmin 7 ,ENSMUSG00000024743,ENSCAFG00000016121,ENST00000540677,known,CGAMUSTENST00000540677,predicted,CGACAFTENST00000540677,predicted
ENSG00000011347,SYT7,synaptotagmin 7 ,ENSMUSG00000024743,ENSCAFG00000016121,ENST00000542836,known,CGAMUSTENST00000542836,predicted,CGACAFTENST00000542836,predicted
ENSG00000011347,SYT7,synaptotagmin 7 ,ENSMUSG00000024743,ENSCAFG00000016121,CGATENSMUST00000076968,predicted,ENSMUST00000076968,known,CGACAFTENSMUST00000076968,predicted
ENSG00000011347,SYT7,synaptotagmin 7 ,ENSMUSG00000024743,ENSCAFG00000016121,CGATENSMUST00000169121,predicted,ENSMUST00000169121,known,CGACAFTENSMUST00000169121,predicted
ENSG00000150471,ADGRL3,adhesion G protein-coupled receptor L3 ,ENSMUSG00000037605,ENSCAFG00000002364,ENST00000512091,known,CGAMUSTENST00000512091,predicted,CGACAFTENST00000512091,predicted
ENSG00000150471,ADGRL3,adhesion G protein-coupled receptor L3 ,ENSMUSG00000037605,ENSCAFG00000002364,ENST00000514591,known,CGAMUSTENST00000514591,predicted,CGACAFTENST00000514591,predicted
ENSG00000150471,ADGRL3,adhesion G protein-coupled receptor L3 ,ENSMUSG00000037605,ENSCAFG00000002364,CGATENSMUST00000118442,predicted,ENSMUST00000118442,known,CGACAFTENSMUST00000118442,predicted
ENSG00000150471,ADGRL3,adhesion G protein-coupled receptor L3 ,ENSMUSG00000037605,ENSCAFG00000002364,CGATENSMUST00000119385,predicted,ENSMUST00000119385,known,CGACAFTENSMUST00000119385,predicted
ENSG00000150471,ADGRL3,adhesion G protein-coupled receptor L3 ,ENSMUSG00000037605,ENSCAFG00000002364,CGATENSMUST00000122356,predicted,ENSMUST00000122356,known,ENSCAFT00000003727,known
ENSG00000150471,ADGRL3,adhesion G protein-coupled receptor L3 ,ENSMUSG00000037605,ENSCAFG00000002364,CGATENSMUST00000122037,predicted,ENSMUST00000122037,known,CGACAFTENSMUST00000122037,predicted
ENSG00000150471,ADGRL3,adhesion G protein-coupled receptor L3 ,ENSMUSG00000037605,ENSCAFG00000002364,CGATENSMUST00000072521,predicted,ENSMUST00000072521,known,CGACAFTENSMUST00000072521,predicted
ENSG00000138668,HNRNPD,heterogeneous nuclear ribonucleoprotein D ,ENSMUSG00000000568,ENSCAFG00000025045,ENST00000313899,known,ENSMUST00000172361,known,ENSCAFT00000038801,known
ENSG00000138668,HNRNPD,heterogeneous nuclear ribonucleoprotein D ,ENSMUSG00000000568,ENSCAFG00000025045,ENST00000353341,known,ENSMUST00000019128,known,CGACAFTENST00000353341,predicted
ENSG00000138668,HNRNPD,heterogeneous nuclear ribonucleoprotein D ,ENSMUSG00000000568,ENSCAFG00000025045,ENST00000352301,known,ENSMUST00000112939,known,CGACAFTENST00000352301,predicted
ENSG00000138668,HNRNPD,heterogeneous nuclear ribonucleoprotein D ,ENSMUSG00000000568,ENSCAFG00000025045,CGATENSMUST00000072750,predicted,ENSMUST00000072750,known,CGACAFTENSMUST00000072750,predicted
ENSG00000143882,ATP6V1C2,ATPase H+ transporting V1 subunit C2 ,ENSMUSG00000020566,ENSCAFG00000003464,ENST00000272238,known,ENSMUST00000095820,known,ENSCAFT00000005583,known
ENSG00000143882,ATP6V1C2,ATPase H+ transporting V1 subunit C2 ,ENSMUSG00000020566,ENSCAFG00000003464,ENST00000381661,known,CGAMUSTENST00000381661,predicted,ENSCAFT00000005580,known
ENSG00000143882,ATP6V1C2,ATPase H+ transporting V1 subunit C2 ,ENSMUSG00000020566,ENSCAFG00000003464,CGATENSMUST00000020884,predicted,ENSMUST00000020884,known,CGACAFTENSMUST00000020884,predicted
ENSG00000196511,TPK1,thiamin pyrophosphokinase 1 ,ENSMUSG00000029735,ENSCAFG00000025529,ENST00000360057,known,ENSMUST00000067888,known,ENSCAFT00000039734,known
ENSG00000196511,TPK1,thiamin pyrophosphokinase 1 ,ENSMUSG00000029735,ENSCAFG00000025529,ENST00000378099,known,ENSMUST00000114644,known,CGACAFTENST00000378099,predicted
ENSG00000151962,RBM46,RNA binding motif protein 46 ,ENSMUSG00000033882,ENSCAFG00000008473,ENST00000514866,known,ENSMUST00000182818,known,ENSCAFT00000037016,known
ENSG00000151962,RBM46,RNA binding motif protein 46 ,ENSMUSG00000033882,ENSCAFG00000008473,ENST00000281722,known,ENSMUST00000048647,known,ENSCAFT00000013439,known
ENSG00000151962,RBM46,RNA binding motif protein 46 ,ENSMUSG00000033882,ENSCAFG00000008473,ENST00000510397,known,CGAMUSTENST00000510397,predicted,CGACAFTENST00000510397,predicted
ENSG00000149182,ARFGAP2,ADP ribosylation factor GTPase activating protein 2 ,ENSMUSG00000027255,ENSCAFG00000008903,ENST00000524782,known,ENSMUST00000080008,known,ENSCAFT00000014154,known
ENSG00000149182,ARFGAP2,ADP ribosylation factor GTPase activating protein 2 ,ENSMUSG00000027255,ENSCAFG00000008903,ENST00000426335,known,CGAMUSTENST00000426335,predicted,CGACAFTENST00000426335,predicted
ENSG00000149182,ARFGAP2,ADP ribosylation factor GTPase activating protein 2 ,ENSMUSG00000027255,ENSCAFG00000008903,CGATENSMUST00000028691,predicted,ENSMUST00000028691,known,CGACAFTENSMUST00000028691,predicted
ENSG00000135636,DYSF,dysferlin ,ENSMUSG00000033788,ENSCAFG00000009033,ENST00000409762,known,ENSMUST00000113823,known,CGACAFTENST00000409762,predicted
ENSG00000135636,DYSF,dysferlin ,ENSMUSG00000033788,ENSCAFG00000009033,ENST00000409582,known,CGAMUSTENST00000409582,predicted,CGACAFTENST00000409582,predicted
ENSG00000135636,DYSF,dysferlin ,ENSMUSG00000033788,ENSCAFG00000009033,ENST00000429174,known,CGAMUSTENST00000429174,predicted,CGACAFTENST00000429174,predicted
ENSG00000135636,DYSF,dysferlin ,ENSMUSG00000033788,ENSCAFG00000009033,ENST00000413539,known,CGAMUSTENST00000413539,predicted,CGACAFTENST00000413539,predicted
ENSG00000135636,DYSF,dysferlin ,ENSMUSG00000033788,ENSCAFG00000009033,ENST00000258104,known,CGAMUSTENST00000258104,predicted,CGACAFTENST00000258104,predicted
ENSG00000135636,DYSF,dysferlin ,ENSMUSG00000033788,ENSCAFG00000009033,ENST00000409651,known,CGAMUSTENST00000409651,predicted,CGACAFTENST00000409651,predicted
ENSG00000135636,DYSF,dysferlin ,ENSMUSG00000033788,ENSCAFG00000009033,ENST00000394120,known,CGAMUSTENST00000394120,predicted,CGACAFTENST00000394120,predicted
ENSG00000135636,DYSF,dysferlin ,ENSMUSG00000033788,ENSCAFG00000009033,ENST00000409744,known,CGAMUSTENST00000409744,predicted,CGACAFTENST00000409744,predicted
ENSG00000135636,DYSF,dysferlin ,ENSMUSG00000033788,ENSCAFG00000009033,ENST00000409366,known,CGAMUSTENST00000409366,predicted,CGACAFTENST00000409366,predicted
ENSG00000135636,DYSF,dysferlin ,ENSMUSG00000033788,ENSCAFG00000009033,ENST00000410020,known,CGAMUSTENST00000410020,predicted,CGACAFTENST00000410020,predicted
ENSG00000135636,DYSF,dysferlin ,ENSMUSG00000033788,ENSCAFG00000009033,ENST00000410041,known,ENSMUST00000081904,known,CGACAFTENST00000410041,predicted
ENSG00000135636,DYSF,dysferlin ,ENSMUSG00000033788,ENSCAFG00000009033,CGATENSCAFT00000049149,predicted,CGAMUSTENSCAFT00000049149,predicted,ENSCAFT00000049149,known
ENSG00000135636,DYSF,dysferlin ,ENSMUSG00000033788,ENSCAFG00000009033,CGATENSMUST00000113818,predicted,ENSMUST00000113818,known,CGACAFTENSMUST00000113818,predicted
ENSG00000008056,SYN1,synapsin I ,ENSMUSG00000037217,ENSCAFG00000015146,ENST00000295987,known,ENSMUST00000081893,known,CGACAFTENST00000295987,predicted
ENSG00000008056,SYN1,synapsin I ,ENSMUSG00000037217,ENSCAFG00000015146,ENST00000340666,known,ENSMUST00000115345,known,ENSCAFT00000024046,known
ENSG00000148429,USP6NL,USP6 N-terminal like ,ENSMUSG00000039046,ENSCAFG00000004866,ENST00000609104,known,ENSMUST00000114937,known,ENSCAFT00000007841,known
ENSG00000148429,USP6NL,USP6 N-terminal like ,ENSMUSG00000039046,ENSCAFG00000004866,ENST00000277575,known,CGAMUSTENST00000277575,predicted,CGACAFTENST00000277575,predicted
ENSG00000148429,USP6NL,USP6 N-terminal like ,ENSMUSG00000039046,ENSCAFG00000004866,CGATENSMUST00000042503,predicted,ENSMUST00000042503,known,CGACAFTENSMUST00000042503,predicted
ENSG00000171603,CLSTN1,calsyntenin 1 ,ENSMUSG00000039953,ENSCAFG00000019740,ENST00000361311,known,ENSMUST00000105691,known,ENSCAFT00000044983,known
ENSG00000171603,CLSTN1,calsyntenin 1 ,ENSMUSG00000039953,ENSCAFG00000019740,ENST00000377298,known,ENSMUST00000039144,known,CGACAFTENST00000377298,predicted
ENSG00000164970,FAM219A,family with sequence similarity 219 member A ,ENSMUSG00000028439,ENSCAFG00000001919,ENST00000297620,known,ENSMUST00000108052,known,CGACAFTENST00000297620,predicted
ENSG00000164970,FAM219A,family with sequence similarity 219 member A ,ENSMUSG00000028439,ENSCAFG00000001919,ENST00000445726,known,CGAMUSTENST00000445726,predicted,ENSCAFT00000003036,known
ENSG00000164970,FAM219A,family with sequence similarity 219 member A ,ENSMUSG00000028439,ENSCAFG00000001919,CGATENSMUST00000108049,predicted,ENSMUST00000108049,known,CGACAFTENSMUST00000108049,predicted
ENSG00000182287,AP1S2,adaptor related protein complex 1 subunit sigma 2 ,ENSMUSG00000031367,ENSCAFG00000012215,ENST00000329235,known,ENSMUST00000033734,known,ENSCAFT00000019414,known
ENSG00000182287,AP1S2,adaptor related protein complex 1 subunit sigma 2 ,ENSMUSG00000031367,ENSCAFG00000012215,ENST00000545766,known,ENSMUST00000069041,known,CGACAFTENST00000545766,predicted
ENSG00000182287,AP1S2,adaptor related protein complex 1 subunit sigma 2 ,ENSMUSG00000031367,ENSCAFG00000012215,CGATENSMUST00000112294,predicted,ENSMUST00000112294,known,CGACAFTENSMUST00000112294,predicted
ENSG00000129159,KCNC1,potassium voltage-gated channel subfamily C member 1 ,ENSMUSG00000058975,ENSCAFG00000009072,ENST00000379472,known,ENSMUST00000025202,known,CGACAFTENST00000379472,predicted
ENSG00000129159,KCNC1,potassium voltage-gated channel subfamily C member 1 ,ENSMUSG00000058975,ENSCAFG00000009072,ENST00000265969,known,ENSMUST00000160433,known,ENSCAFT00000014422,known
ENSG00000109572,CLCN3,chloride voltage-gated channel 3 ,ENSMUSG00000004319,ENSCAFG00000007669,ENST00000513761,known,ENSMUST00000110301,known,ENSCAFT00000038926,known
ENSG00000109572,CLCN3,chloride voltage-gated channel 3 ,ENSMUSG00000004319,ENSCAFG00000007669,ENST00000347613,known,ENSMUST00000004430,known,CGACAFTENST00000347613,predicted
ENSG00000109572,CLCN3,chloride voltage-gated channel 3 ,ENSMUSG00000004319,ENSCAFG00000007669,ENST00000360642,known,CGAMUSTENST00000360642,predicted,CGACAFTENST00000360642,predicted
ENSG00000109572,CLCN3,chloride voltage-gated channel 3 ,ENSMUSG00000004319,ENSCAFG00000007669,ENST00000613795,known,ENSMUST00000056508,known,CGACAFTENST00000613795,predicted
ENSG00000109572,CLCN3,chloride voltage-gated channel 3 ,ENSMUSG00000004319,ENSCAFG00000007669,CGATENSCAFT00000038928,predicted,CGAMUSTENSCAFT00000038928,predicted,ENSCAFT00000038928,known
ENSG00000109572,CLCN3,chloride voltage-gated channel 3 ,ENSMUSG00000004319,ENSCAFG00000007669,CGATENSMUST00000093490,predicted,ENSMUST00000093490,known,CGACAFTENSMUST00000093490,predicted
ENSG00000073282,TP63,tumor protein p63 ,ENSMUSG00000022510,ENSCAFG00000013961,ENST00000264731,known,ENSMUST00000115310,known,ENSCAFT00000022170,known
ENSG00000073282,TP63,tumor protein p63 ,ENSMUSG00000022510,ENSCAFG00000013961,ENST00000418709,known,CGAMUSTENST00000418709,predicted,CGACAFTENST00000418709,predicted
ENSG00000073282,TP63,tumor protein p63 ,ENSMUSG00000022510,ENSCAFG00000013961,ENST00000392460,known,ENSMUST00000065523,known,CGACAFTENST00000392460,predicted
ENSG00000073282,TP63,tumor protein p63 ,ENSMUSG00000022510,ENSCAFG00000013961,ENST00000440651,known,CGAMUSTENST00000440651,predicted,CGACAFTENST00000440651,predicted
ENSG00000073282,TP63,tumor protein p63 ,ENSMUSG00000022510,ENSCAFG00000013961,ENST00000354600,known,ENSMUST00000040231,known,CGACAFTENST00000354600,predicted
ENSG00000073282,TP63,tumor protein p63 ,ENSMUSG00000022510,ENSCAFG00000013961,ENST00000437221,known,ENSMUST00000115305,known,CGACAFTENST00000437221,predicted
ENSG00000073282,TP63,tumor protein p63 ,ENSMUSG00000022510,ENSCAFG00000013961,ENST00000392463,known,CGAMUSTENST00000392463,predicted,CGACAFTENST00000392463,predicted
ENSG00000073282,TP63,tumor protein p63 ,ENSMUSG00000022510,ENSCAFG00000013961,CGATENSMUST00000115306,predicted,ENSMUST00000115306,known,CGACAFTENSMUST00000115306,predicted
ENSG00000073282,TP63,tumor protein p63 ,ENSMUSG00000022510,ENSCAFG00000013961,CGATENSMUST00000115308,predicted,ENSMUST00000115308,known,CGACAFTENSMUST00000115308,predicted
ENSG00000130202,NECTIN2,nectin cell adhesion molecule 2 ,ENSMUSG00000062300,ENSCAFG00000004626,ENST00000252485,known,ENSMUST00000108450,known,CGACAFTENST00000252485,predicted
ENSG00000130202,NECTIN2,nectin cell adhesion molecule 2 ,ENSMUSG00000062300,ENSCAFG00000004626,ENST00000252483,known,ENSMUST00000075447,known,ENSCAFT00000007452,known
ENSG00000165192,ASB11,ankyrin repeat and SOCS box containing 11 ,ENSMUSG00000031382,ENSCAFG00000011921,ENST00000380470,known,CGAMUSTENST00000380470,predicted,CGACAFTENST00000380470,predicted
ENSG00000165192,ASB11,ankyrin repeat and SOCS box containing 11 ,ENSMUSG00000031382,ENSCAFG00000011921,ENST00000344384,known,ENSMUST00000033755,known,CGACAFTENST00000344384,predicted
ENSG00000165192,ASB11,ankyrin repeat and SOCS box containing 11 ,ENSMUSG00000031382,ENSCAFG00000011921,ENST00000480796,known,ENSMUST00000036858,known,ENSCAFT00000018938,known
ENSG00000143365,RORC,RAR related orphan receptor C ,ENSMUSG00000028150,ENSCAFG00000012884,ENST00000356728,known,ENSMUST00000197040,known,CGACAFTENST00000356728,predicted
ENSG00000143365,RORC,RAR related orphan receptor C ,ENSMUSG00000028150,ENSCAFG00000012884,ENST00000318247,known,ENSMUST00000029795,known,ENSCAFT00000020479,known
ENSG00000147044,CASK,calcium/calmodulin dependent serine protein kinase ,ENSMUSG00000031012,ENSCAFG00000014358,ENST00000421587,known,ENSMUST00000115436,known,ENSCAFT00000049479,known
ENSG00000147044,CASK,calcium/calmodulin dependent serine protein kinase ,ENSMUSG00000031012,ENSCAFG00000014358,ENST00000378166,known,CGAMUSTENST00000378166,predicted,CGACAFTENST00000378166,predicted
ENSG00000147044,CASK,calcium/calmodulin dependent serine protein kinase ,ENSMUSG00000031012,ENSCAFG00000014358,ENST00000442742,known,CGAMUSTENST00000442742,predicted,CGACAFTENST00000442742,predicted
ENSG00000147044,CASK,calcium/calmodulin dependent serine protein kinase ,ENSMUSG00000031012,ENSCAFG00000014358,CGATENSMUST00000115438,predicted,ENSMUST00000115438,known,CGACAFTENSMUST00000115438,predicted
ENSG00000092439,TRPM7,transient receptor potential cation channel subfamily M member 7 ,ENSMUSG00000027365,ENSCAFG00000015230,ENST00000313478,known,ENSMUST00000103224,known,CGACAFTENST00000313478,predicted
ENSG00000092439,TRPM7,transient receptor potential cation channel subfamily M member 7 ,ENSMUSG00000027365,ENSCAFG00000015230,ENST00000560955,known,ENSMUST00000028843,known,ENSCAFT00000024268,known
ENSG00000167130,DOLPP1,dolichyldiphosphatase 1 ,ENSMUSG00000026856,ENSCAFG00000020001,ENST00000372546,known,ENSMUST00000028209,known,ENSCAFT00000031829,known
ENSG00000167130,DOLPP1,dolichyldiphosphatase 1 ,ENSMUSG00000026856,ENSCAFG00000020001,ENST00000406974,known,ENSMUST00000113612,known,CGACAFTENST00000406974,predicted
ENSG00000167130,DOLPP1,dolichyldiphosphatase 1 ,ENSMUSG00000026856,ENSCAFG00000020001,CGATENSMUST00000123202,predicted,ENSMUST00000123202,known,CGACAFTENSMUST00000123202,predicted
ENSG00000135333,EPHA7,EPH receptor A7 ,ENSMUSG00000028289,ENSCAFG00000003332,ENST00000369303,known,ENSMUST00000029964,known,ENSCAFT00000005480,known
ENSG00000135333,EPHA7,EPH receptor A7 ,ENSMUSG00000028289,ENSCAFG00000003332,ENST00000369297,known,CGAMUSTENST00000369297,predicted,CGACAFTENST00000369297,predicted
ENSG00000135333,EPHA7,EPH receptor A7 ,ENSMUSG00000028289,ENSCAFG00000003332,CGATENSMUST00000080934,predicted,ENSMUST00000080934,known,CGACAFTENSMUST00000080934,predicted
ENSG00000135333,EPHA7,EPH receptor A7 ,ENSMUSG00000028289,ENSCAFG00000003332,CGATENSMUST00000108191,predicted,ENSMUST00000108191,known,CGACAFTENSMUST00000108191,predicted
ENSG00000134644,PUM1,pumilio RNA binding family member 1 ,ENSMUSG00000028580,ENSCAFG00000011205,ENST00000257075,known,ENSMUST00000097864,known,CGACAFTENST00000257075,predicted
ENSG00000134644,PUM1,pumilio RNA binding family member 1 ,ENSMUSG00000028580,ENSCAFG00000011205,ENST00000426105,known,ENSMUST00000097862,known,CGACAFTENST00000426105,predicted
ENSG00000134644,PUM1,pumilio RNA binding family member 1 ,ENSMUSG00000028580,ENSCAFG00000011205,CGATENSCAFT00000017823,predicted,CGAMUSTENSCAFT00000017823,predicted,ENSCAFT00000017823,known
ENSG00000134644,PUM1,pumilio RNA binding family member 1 ,ENSMUSG00000028580,ENSCAFG00000011205,CGATENSMUST00000030315,predicted,ENSMUST00000030315,known,CGACAFTENSMUST00000030315,predicted
ENSG00000134644,PUM1,pumilio RNA binding family member 1 ,ENSMUSG00000028580,ENSCAFG00000011205,CGATENSMUST00000105992,predicted,ENSMUST00000105992,known,CGACAFTENSMUST00000105992,predicted
ENSG00000134644,PUM1,pumilio RNA binding family member 1 ,ENSMUSG00000028580,ENSCAFG00000011205,CGATENSMUST00000105991,predicted,ENSMUST00000105991,known,CGACAFTENSMUST00000105991,predicted
ENSG00000110429,FBXO3,F-box protein 3 ,ENSMUSG00000027180,ENSCAFG00000007148,ENST00000265651,known,ENSMUST00000028603,known,ENSCAFT00000011480,known
ENSG00000110429,FBXO3,F-box protein 3 ,ENSMUSG00000027180,ENSCAFG00000007148,ENST00000448981,known,ENSMUST00000102565,known,CGACAFTENST00000448981,predicted
ENSG00000092969,TGFB2,transforming growth factor beta 2 ,ENSMUSG00000039239,ENSCAFG00000010815,ENST00000366930,known,ENSMUST00000045288,known,ENSCAFT00000017213,known
ENSG00000092969,TGFB2,transforming growth factor beta 2 ,ENSMUSG00000039239,ENSCAFG00000010815,ENST00000366929,known,ENSMUST00000195201,known,ENSCAFT00000017210,known
ENSG00000147852,VLDLR,very low density lipoprotein receptor ,ENSMUSG00000024924,ENSCAFG00000002028,ENST00000382100,known,ENSMUST00000167487,known,ENSCAFT00000037581,known
ENSG00000147852,VLDLR,very low density lipoprotein receptor ,ENSMUSG00000024924,ENSCAFG00000002028,ENST00000382099,known,ENSMUST00000172302,known,ENSCAFT00000037573,known
ENSG00000147852,VLDLR,very low density lipoprotein receptor ,ENSMUSG00000024924,ENSCAFG00000002028,CGATENSMUST00000047645,predicted,ENSMUST00000047645,known,CGACAFTENSMUST00000047645,predicted
ENSG00000136574,GATA4,GATA binding protein 4 ,ENSMUSG00000021944,ENSCAFG00000029087,ENST00000528712,known,CGAMUSTENST00000528712,predicted,CGACAFTENST00000528712,predicted
ENSG00000136574,GATA4,GATA binding protein 4 ,ENSMUSG00000021944,ENSCAFG00000029087,ENST00000335135,known,ENSMUST00000118022,known,ENSCAFT00000048684,known
ENSG00000136574,GATA4,GATA binding protein 4 ,ENSMUSG00000021944,ENSCAFG00000029087,ENST00000532059,known,ENSMUST00000067417,known,CGACAFTENST00000532059,predicted
ENSG00000137942,FNBP1L,formin binding protein 1 like ,ENSMUSG00000039735,ENSCAFG00000020135,ENST00000370253,known,CGAMUSTENST00000370253,predicted,ENSCAFT00000050191,known
ENSG00000137942,FNBP1L,formin binding protein 1 like ,ENSMUSG00000039735,ENSCAFG00000020135,ENST00000271234,known,CGAMUSTENST00000271234,predicted,CGACAFTENST00000271234,predicted
ENSG00000137942,FNBP1L,formin binding protein 1 like ,ENSMUSG00000039735,ENSCAFG00000020135,ENST00000260506,known,ENSMUST00000162409,known,CGACAFTENST00000260506,predicted
ENSG00000137942,FNBP1L,formin binding protein 1 like ,ENSMUSG00000039735,ENSCAFG00000020135,CGATENSMUST00000162947,predicted,ENSMUST00000162947,known,CGACAFTENSMUST00000162947,predicted
ENSG00000254087,LYN,LYN proto-oncogene, Src family tyrosine kinase ,ENSMUSG00000042228,ENSCAFG00000007034,ENST00000519728,known,ENSMUST00000041377,known,ENSCAFT00000011282,known
ENSG00000254087,LYN,LYN proto-oncogene, Src family tyrosine kinase ,ENSMUSG00000042228,ENSCAFG00000007034,ENST00000520220,known,ENSMUST00000103010,known,CGACAFTENST00000520220,predicted
ENSG00000123374,CDK2,cyclin dependent kinase 2 ,ENSMUSG00000025358,ENSCAFG00000000082,ENST00000266970,known,ENSMUST00000026415,known,ENSCAFT00000000140,known
ENSG00000123374,CDK2,cyclin dependent kinase 2 ,ENSMUSG00000025358,ENSCAFG00000000082,ENST00000440311,known,CGAMUSTENST00000440311,predicted,CGACAFTENST00000440311,predicted
ENSG00000123374,CDK2,cyclin dependent kinase 2 ,ENSMUSG00000025358,ENSCAFG00000000082,ENST00000354056,known,CGAMUSTENST00000354056,predicted,CGACAFTENST00000354056,predicted
ENSG00000123374,CDK2,cyclin dependent kinase 2 ,ENSMUSG00000025358,ENSCAFG00000000082,CGATENSMUST00000026416,predicted,ENSMUST00000026416,known,CGACAFTENSMUST00000026416,predicted
ENSG00000160917,CPSF4,cleavage and polyadenylation specific factor 4 ,ENSMUSG00000029625,ENSCAFG00000015036,ENST00000436336,known,ENSMUST00000162244,known,CGACAFTENST00000436336,predicted
ENSG00000160917,CPSF4,cleavage and polyadenylation specific factor 4 ,ENSMUSG00000029625,ENSCAFG00000015036,ENST00000292476,known,CGAMUSTENST00000292476,predicted,ENSCAFT00000043832,known
ENSG00000160917,CPSF4,cleavage and polyadenylation specific factor 4 ,ENSMUSG00000029625,ENSCAFG00000015036,ENST00000441580,known,CGAMUSTENST00000441580,predicted,CGACAFTENST00000441580,predicted
ENSG00000160917,CPSF4,cleavage and polyadenylation specific factor 4 ,ENSMUSG00000029625,ENSCAFG00000015036,CGATENSCAFT00000023892,predicted,CGAMUSTENSCAFT00000023892,predicted,ENSCAFT00000023892,known
ENSG00000160917,CPSF4,cleavage and polyadenylation specific factor 4 ,ENSMUSG00000029625,ENSCAFG00000015036,CGATENSMUST00000160629,predicted,ENSMUST00000160629,known,CGACAFTENSMUST00000160629,predicted
ENSG00000160917,CPSF4,cleavage and polyadenylation specific factor 4 ,ENSMUSG00000029625,ENSCAFG00000015036,CGATENSMUST00000070487,predicted,ENSMUST00000070487,known,CGACAFTENSMUST00000070487,predicted
ENSG00000145687,SSBP2,single stranded DNA binding protein 2 ,ENSMUSG00000003992,ENSCAFG00000008677,ENST00000320672,known,ENSMUST00000004094,known,ENSCAFT00000013778,known
ENSG00000145687,SSBP2,single stranded DNA binding protein 2 ,ENSMUSG00000003992,ENSCAFG00000008677,ENST00000509053,known,CGAMUSTENST00000509053,predicted,CGACAFTENST00000509053,predicted
ENSG00000145687,SSBP2,single stranded DNA binding protein 2 ,ENSMUSG00000003992,ENSCAFG00000008677,ENST00000514493,known,ENSMUST00000042122,known,CGACAFTENST00000514493,predicted
ENSG00000145687,SSBP2,single stranded DNA binding protein 2 ,ENSMUSG00000003992,ENSCAFG00000008677,ENST00000505980,known,CGAMUSTENST00000505980,predicted,CGACAFTENST00000505980,predicted
ENSG00000145687,SSBP2,single stranded DNA binding protein 2 ,ENSMUSG00000003992,ENSCAFG00000008677,ENST00000515395,known,CGAMUSTENST00000515395,predicted,CGACAFTENST00000515395,predicted
ENSG00000145687,SSBP2,single stranded DNA binding protein 2 ,ENSMUSG00000003992,ENSCAFG00000008677,ENST00000615665,known,CGAMUSTENST00000615665,predicted,CGACAFTENST00000615665,predicted
ENSG00000110497,AMBRA1,autophagy and beclin 1 regulator 1 ,ENSMUSG00000040506,ENSCAFG00000009193,ENST00000314845,known,ENSMUST00000099712,known,ENSCAFT00000039701,known
ENSG00000110497,AMBRA1,autophagy and beclin 1 regulator 1 ,ENSMUSG00000040506,ENSCAFG00000009193,ENST00000533727,known,CGAMUSTENST00000533727,predicted,CGACAFTENST00000533727,predicted
ENSG00000110497,AMBRA1,autophagy and beclin 1 regulator 1 ,ENSMUSG00000040506,ENSCAFG00000009193,ENST00000534300,known,CGAMUSTENST00000534300,predicted,CGACAFTENST00000534300,predicted
ENSG00000110497,AMBRA1,autophagy and beclin 1 regulator 1 ,ENSMUSG00000040506,ENSCAFG00000009193,CGATENSMUST00000045705,predicted,ENSMUST00000045705,known,CGACAFTENSMUST00000045705,predicted
ENSG00000138675,FGF5,fibroblast growth factor 5 ,ENSMUSG00000029337,ENSCAFG00000008886,ENST00000312465,known,ENSMUST00000031280,known,ENSCAFT00000038532,known
ENSG00000138675,FGF5,fibroblast growth factor 5 ,ENSMUSG00000029337,ENSCAFG00000008886,ENST00000456523,known,ENSMUST00000200059,known,ENSCAFT00000014095,known
ENSG00000132002,DNAJB1,DnaJ heat shock protein family (Hsp40) member B1 ,ENSMUSG00000005483,ENSCAFG00000016286,ENST00000254322,known,ENSMUST00000005620,known,ENSCAFT00000025827,known
ENSG00000132002,DNAJB1,DnaJ heat shock protein family (Hsp40) member B1 ,ENSMUSG00000005483,ENSCAFG00000016286,ENST00000396969,known,ENSMUST00000212300,known,CGACAFTENST00000396969,predicted
ENSG00000073921,PICALM,phosphatidylinositol binding clathrin assembly protein ,ENSMUSG00000039361,ENSCAFG00000004486,ENST00000532317,known,ENSMUST00000209068,known,CGACAFTENST00000532317,predicted
ENSG00000073921,PICALM,phosphatidylinositol binding clathrin assembly protein ,ENSMUSG00000039361,ENSCAFG00000004486,ENST00000526033,known,CGAMUSTENST00000526033,predicted,CGACAFTENST00000526033,predicted
ENSG00000073921,PICALM,phosphatidylinositol binding clathrin assembly protein ,ENSMUSG00000039361,ENSCAFG00000004486,ENST00000393346,known,ENSMUST00000208742,known,CGACAFTENST00000393346,predicted
ENSG00000073921,PICALM,phosphatidylinositol binding clathrin assembly protein ,ENSMUSG00000039361,ENSCAFG00000004486,ENST00000528398,known,CGAMUSTENST00000528398,predicted,CGACAFTENST00000528398,predicted
ENSG00000073921,PICALM,phosphatidylinositol binding clathrin assembly protein ,ENSMUSG00000039361,ENSCAFG00000004486,CGATENSCAFT00000044406,predicted,CGAMUSTENSCAFT00000044406,predicted,ENSCAFT00000044406,known
ENSG00000073921,PICALM,phosphatidylinositol binding clathrin assembly protein ,ENSMUSG00000039361,ENSCAFG00000004486,CGATENSMUST00000207225,predicted,ENSMUST00000207225,known,CGACAFTENSMUST00000207225,predicted
ENSG00000073921,PICALM,phosphatidylinositol binding clathrin assembly protein ,ENSMUSG00000039361,ENSCAFG00000004486,CGATENSMUST00000207484,predicted,ENSMUST00000207484,known,CGACAFTENSMUST00000207484,predicted
ENSG00000073921,PICALM,phosphatidylinositol binding clathrin assembly protein ,ENSMUSG00000039361,ENSCAFG00000004486,CGATENSMUST00000208730,predicted,ENSMUST00000208730,known,CGACAFTENSMUST00000208730,predicted
ENSG00000073921,PICALM,phosphatidylinositol binding clathrin assembly protein ,ENSMUSG00000039361,ENSCAFG00000004486,CGATENSMUST00000049537,predicted,ENSMUST00000049537,known,CGACAFTENSMUST00000049537,predicted
ENSG00000172005,MAL,mal T cell differentiation protein ,ENSMUSG00000027375,ENSCAFG00000007047,ENST00000309988,known,ENSMUST00000028854,known,ENSCAFT00000011303,known
ENSG00000172005,MAL,mal T cell differentiation protein ,ENSMUSG00000027375,ENSCAFG00000007047,ENST00000353004,known,CGAMUSTENST00000353004,predicted,CGACAFTENST00000353004,predicted
ENSG00000172005,MAL,mal T cell differentiation protein ,ENSMUSG00000027375,ENSCAFG00000007047,ENST00000354078,known,ENSMUST00000028853,known,CGACAFTENST00000354078,predicted
ENSG00000172005,MAL,mal T cell differentiation protein ,ENSMUSG00000027375,ENSCAFG00000007047,ENST00000349807,known,CGAMUSTENST00000349807,predicted,CGACAFTENST00000349807,predicted
ENSG00000120802,TMPO,thymopoietin ,ENSMUSG00000019961,ENSCAFG00000006529,ENST00000556029,known,ENSMUST00000072239,known,ENSCAFT00000010545,known
ENSG00000120802,TMPO,thymopoietin ,ENSMUSG00000019961,ENSCAFG00000006529,ENST00000343315,known,ENSMUST00000092219,known,CGACAFTENST00000343315,predicted
ENSG00000120802,TMPO,thymopoietin ,ENSMUSG00000019961,ENSCAFG00000006529,ENST00000266732,known,ENSMUST00000020123,known,CGACAFTENST00000266732,predicted
ENSG00000120802,TMPO,thymopoietin ,ENSMUSG00000019961,ENSCAFG00000006529,ENST00000393053,known,ENSMUST00000105293,known,CGACAFTENST00000393053,predicted
ENSG00000120802,TMPO,thymopoietin ,ENSMUSG00000019961,ENSCAFG00000006529,CGATENSMUST00000099355,predicted,ENSMUST00000099355,known,CGACAFTENSMUST00000099355,predicted
ENSG00000105991,HOXA1,homeobox A1 ,ENSMUSG00000029844,ENSCAFG00000002936,ENST00000343060,known,ENSMUST00000000964,known,ENSCAFT00000004700,known
ENSG00000105991,HOXA1,homeobox A1 ,ENSMUSG00000029844,ENSCAFG00000002936,ENST00000355633,known,ENSMUST00000120363,known,CGACAFTENST00000355633,predicted
ENSG00000120156,TEK,TEK receptor tyrosine kinase ,ENSMUSG00000006386,ENSCAFG00000001713,ENST00000519097,known,CGAMUSTENST00000519097,predicted,CGACAFTENST00000519097,predicted
ENSG00000120156,TEK,TEK receptor tyrosine kinase ,ENSMUSG00000006386,ENSCAFG00000001713,ENST00000380036,known,ENSMUST00000102798,known,CGACAFTENST00000380036,predicted
ENSG00000120156,TEK,TEK receptor tyrosine kinase ,ENSMUSG00000006386,ENSCAFG00000001713,ENST00000406359,known,CGAMUSTENST00000406359,predicted,CGACAFTENST00000406359,predicted
ENSG00000120156,TEK,TEK receptor tyrosine kinase ,ENSMUSG00000006386,ENSCAFG00000001713,CGATENSMUST00000073939,predicted,ENSMUST00000073939,known,CGACAFTENSMUST00000073939,predicted
ENSG00000120156,TEK,TEK receptor tyrosine kinase ,ENSMUSG00000006386,ENSCAFG00000001713,CGATENSMUST00000071168,predicted,ENSMUST00000071168,known,ENSCAFT00000002677,known
ENSG00000140455,USP3,ubiquitin specific peptidase 3 ,ENSMUSG00000032376,ENSCAFG00000016993,ENST00000380324,known,ENSMUST00000127569,known,ENSCAFT00000026918,known
ENSG00000140455,USP3,ubiquitin specific peptidase 3 ,ENSMUSG00000032376,ENSCAFG00000016993,ENST00000540797,known,CGAMUSTENST00000540797,predicted,CGACAFTENST00000540797,predicted
ENSG00000140455,USP3,ubiquitin specific peptidase 3 ,ENSMUSG00000032376,ENSCAFG00000016993,CGATENSMUST00000098613,predicted,ENSMUST00000098613,known,CGACAFTENSMUST00000098613,predicted
ENSG00000166200,COPS2,COP9 signalosome subunit 2 ,ENSMUSG00000027206,ENSCAFG00000014850,ENST00000388901,known,ENSMUST00000028635,known,ENSCAFT00000023590,known
ENSG00000166200,COPS2,COP9 signalosome subunit 2 ,ENSMUSG00000027206,ENSCAFG00000014850,ENST00000299259,known,ENSMUST00000110463,known,CGACAFTENST00000299259,predicted
ENSG00000119661,DNAL1,dynein axonemal light chain 1 ,ENSMUSG00000042523,ENSCAFG00000016858,ENST00000553645,known,ENSMUST00000123491,known,ENSCAFT00000026690,known
ENSG00000119661,DNAL1,dynein axonemal light chain 1 ,ENSMUSG00000042523,ENSCAFG00000016858,ENST00000554871,known,ENSMUST00000046340,known,CGACAFTENST00000554871,predicted
ENSG00000137944,KYAT3,kynurenine aminotransferase 3 ,ENSMUSG00000040213,ENSCAFG00000020207,ENST00000370491,known,ENSMUST00000044392,known,CGACAFTENST00000370491,predicted
ENSG00000137944,KYAT3,kynurenine aminotransferase 3 ,ENSMUSG00000040213,ENSCAFG00000020207,ENST00000260508,known,ENSMUST00000106218,known,ENSCAFT00000032186,known
ENSG00000004487,KDM1A,lysine demethylase 1A ,ENSMUSG00000036940,ENSCAFG00000013361,ENST00000356634,known,ENSMUST00000116273,known,ENSCAFT00000044299,known
ENSG00000004487,KDM1A,lysine demethylase 1A ,ENSMUSG00000036940,ENSCAFG00000013361,ENST00000400181,known,CGAMUSTENST00000400181,predicted,CGACAFTENST00000400181,predicted
ENSG00000004487,KDM1A,lysine demethylase 1A ,ENSMUSG00000036940,ENSCAFG00000013361,CGATENSMUST00000105847,predicted,ENSMUST00000105847,known,CGACAFTENSMUST00000105847,predicted
ENSG00000167642,SPINT2,serine peptidase inhibitor, Kunitz type 2 ,ENSMUSG00000074227,ENSCAFG00000005948,ENST00000301244,known,ENSMUST00000098604,known,ENSCAFT00000009605,known
ENSG00000167642,SPINT2,serine peptidase inhibitor, Kunitz type 2 ,ENSMUSG00000074227,ENSCAFG00000005948,ENST00000454580,known,ENSMUST00000108236,known,CGACAFTENST00000454580,predicted
ENSG00000185697,MYBL1,MYB proto-oncogene like 1 ,ENSMUSG00000025912,ENSCAFG00000007344,ENST00000522677,known,ENSMUST00000088658,known,ENSCAFT00000043735,known
ENSG00000185697,MYBL1,MYB proto-oncogene like 1 ,ENSMUSG00000025912,ENSCAFG00000007344,ENST00000524176,known,ENSMUST00000115468,known,CGACAFTENST00000524176,predicted
ENSG00000136404,TM6SF1,transmembrane 6 superfamily member 1 ,ENSMUSG00000038623,ENSCAFG00000013196,ENST00000322019,known,ENSMUST00000041890,known,ENSCAFT00000020949,known
ENSG00000136404,TM6SF1,transmembrane 6 superfamily member 1 ,ENSMUSG00000038623,ENSCAFG00000013196,ENST00000379390,known,CGAMUSTENST00000379390,predicted,CGACAFTENST00000379390,predicted
ENSG00000136404,TM6SF1,transmembrane 6 superfamily member 1 ,ENSMUSG00000038623,ENSCAFG00000013196,ENST00000565774,known,CGAMUSTENST00000565774,predicted,CGACAFTENST00000565774,predicted
ENSG00000136404,TM6SF1,transmembrane 6 superfamily member 1 ,ENSMUSG00000038623,ENSCAFG00000013196,CGATENSMUST00000119543,predicted,ENSMUST00000119543,known,CGACAFTENSMUST00000119543,predicted
ENSG00000176444,CLK2,CDC like kinase 2 ,ENSMUSG00000068917,ENSCAFG00000016969,ENST00000361168,known,ENSMUST00000121212,known,CGACAFTENST00000361168,predicted
ENSG00000176444,CLK2,CDC like kinase 2 ,ENSMUSG00000068917,ENSCAFG00000016969,ENST00000368361,known,CGAMUSTENST00000368361,predicted,CGACAFTENST00000368361,predicted
ENSG00000176444,CLK2,CDC like kinase 2 ,ENSMUSG00000068917,ENSCAFG00000016969,CGATENSMUST00000090927,predicted,ENSMUST00000090927,known,CGACAFTENSMUST00000090927,predicted
ENSG00000169744,LDB2,LIM domain binding 2 ,ENSMUSG00000039706,ENSCAFG00000015135,ENST00000515064,known,ENSMUST00000199261,known,CGACAFTENST00000515064,predicted
ENSG00000169744,LDB2,LIM domain binding 2 ,ENSMUSG00000039706,ENSCAFG00000015135,ENST00000441778,known,ENSMUST00000199534,known,CGACAFTENST00000441778,predicted
ENSG00000169744,LDB2,LIM domain binding 2 ,ENSMUSG00000039706,ENSCAFG00000015135,ENST00000304523,known,ENSMUST00000070748,known,CGACAFTENST00000304523,predicted
ENSG00000169744,LDB2,LIM domain binding 2 ,ENSMUSG00000039706,ENSCAFG00000015135,ENST00000502640,known,CGAMUSTENST00000502640,predicted,CGACAFTENST00000502640,predicted
ENSG00000169744,LDB2,LIM domain binding 2 ,ENSMUSG00000039706,ENSCAFG00000015135,CGATENSCAFT00000024036,predicted,CGAMUSTENSCAFT00000024036,predicted,ENSCAFT00000024036,known
ENSG00000169744,LDB2,LIM domain binding 2 ,ENSMUSG00000039706,ENSCAFG00000015135,CGATENSMUST00000199256,predicted,ENSMUST00000199256,known,CGACAFTENSMUST00000199256,predicted
ENSG00000147010,SH3KBP1,SH3 domain containing kinase binding protein 1 ,ENSMUSG00000040990,ENSCAFG00000013075,ENST00000397821,known,ENSMUST00000112456,known,ENSCAFT00000020758,known
ENSG00000147010,SH3KBP1,SH3 domain containing kinase binding protein 1 ,ENSMUSG00000040990,ENSCAFG00000013075,ENST00000379716,known,ENSMUST00000112451,known,CGACAFTENST00000379716,predicted
ENSG00000147010,SH3KBP1,SH3 domain containing kinase binding protein 1 ,ENSMUSG00000040990,ENSCAFG00000013075,ENST00000379698,known,ENSMUST00000080394,known,CGACAFTENST00000379698,predicted
ENSG00000101892,ATP1B4,ATPase Na+/K+ transporting family member beta 4 ,ENSMUSG00000016327,ENSCAFG00000018484,ENST00000218008,known,ENSMUST00000016471,known,CGACAFTENST00000218008,predicted
ENSG00000101892,ATP1B4,ATPase Na+/K+ transporting family member beta 4 ,ENSMUSG00000016327,ENSCAFG00000018484,ENST00000361319,known,ENSMUST00000115134,known,ENSCAFT00000029367,known
ENSG00000133884,DPF2,double PHD fingers 2 ,ENSMUSG00000024826,ENSCAFG00000013654,ENST00000528416,known,ENSMUST00000136983,known,ENSCAFT00000021663,known
ENSG00000133884,DPF2,double PHD fingers 2 ,ENSMUSG00000024826,ENSCAFG00000013654,ENST00000252268,known,ENSMUST00000118623,known,ENSCAFT00000021664,known
