GENE NUMBER,HUMAN GENE,NUMBER OF HUMAN TRANSCRIPTS,MOUSE GENE,NUMBER OF MOUSE TRANSCRIPTS,DOG GENE,NUMBER OF DOG TRANSCRIPTS,COMMON MODEL
749,ENSG00000213593,2,ENSMUSG00000050043,3,ENSCAFG00000025148,1,[A<.>B<.>C<.>D<.>E<.>F<.>G<.>H]
942,ENSG00000135365,2,ENSMUSG00000058318,7,ENSCAFG00000009313,1,[A<.>B<.>C<.>D<.>E<.>F>G<.>H<.>I<.>J<.>K<.>L<.>M<.>N<.>O<.>P<.>Q<.>R]
1224,ENSG00000151962,3,ENSMUSG00000033882,2,ENSCAFG00000008473,2,[A<.>B<.>C<.>D].>E].>F]
415,ENSG00000147162,2,ENSMUSG00000034160,2,ENSCAFG00000017134,1,[A<.>B>C<.>D<.>E<.>F<.>G<.>H<.>I<.>J<.>K<.>L<.>M<.>N<.>O<.>P<.>Q<.>R<.>S<.>T<.>U<.>V<.>W]
755,ENSG00000254087,2,ENSMUSG00000042228,2,ENSCAFG00000007034,1,[A<B<.>C<.>D<.>E<.>F<.>G<.>H<.>I<.>J<.>K<.>L<.>M]
537,ENSG00000165061,2,ENSMUSG00000037492,2,ENSCAFG00000005744,1,[A<.>B<.>C[D<.>E<.>F<.>G]
524,ENSG00000164176,2,ENSMUSG00000034488,2,ENSCAFG00000008467,1,[A<.>B<.>C<.>D<.>E<.>F<.>G<.>H<.>I<.>J<.>K]
1773,ENSG00000109572,4,ENSMUSG00000004319,4,ENSCAFG00000007669,2,[A<.[B<.>C[D<.>E<.>F<.>G<.>H<.>I<.>J<.>K<.>L<.>M<.>N<.>O]P]
1082,ENSG00000110076,4,ENSMUSG00000033768,2,ENSCAFG00000014338,2,[A<.>B<.>C<.>D<.>E<.>F<G<.>H<.>I<.>J<.>K<.>L<.>M<.>N<.>O<.>P<.>Q<.[R<.>S<.>T<.>U<.>V<.>W<.>X>Y]
1746,ENSG00000163681,5,ENSMUSG00000021870,4,ENSCAFG00000007695,2,[A<.>B<.>C<.>D<.>E<.>F<.>G<.>H<.>I<.>J<.>K<.>L<.>M<.>N<.>O<.>P[Q<.>R<.>S<.>T<.>U<.>V<.>W<.>X].>Y]
590,ENSG00000170017,2,ENSMUSG00000022636,2,ENSCAFG00000009721,1,[A<.>B<.>C<.>D<.>E<.>F<.>G<.>H<.>I<.>J<.>K<.>L<.>M<.>N<.>O].
1964,ENSG00000148339,5,ENSMUSG00000026819,4,ENSCAFG00000020091,1,[A<.[B<.[C<.>D<.>E<.>F<.>G<.>H<.>I<.>J<.>K<.>L<.>M]
2059,ENSG00000164830,6,ENSMUSG00000022307,7,ENSCAFG00000000680,1,[A<.[B<.>C<.[D<.>E[F<.>G<.>H<.>I<.>J<.>K<.>L<.>M<.[N<.>O<.>P<.>Q<.>R<.>S<.>T]
1005,ENSG00000051128,6,ENSMUSG00000003573,3,ENSCAFG00000014475,1,[A<.>B<.>C<.>D<.>E<.>F<.>G<.>H>I<.>J>K]
392,ENSG00000143882,2,ENSMUSG00000020566,2,ENSCAFG00000003464,2,[A<.>B<.>C<.>D<.>E<.>F<.>G<.>H<.>I<.>J<.>K<.>L<.>M<.>N]
341,ENSG00000136531,6,ENSMUSG00000075318,3,ENSCAFG00000011130,1,[A<.>B<.>C<.>D<.>E<.>F<.>G<.>H<.>I<.>J<.>K<.>L<.>M<.>N<.>O<.>P<.>Q<.>R<.>S<.>T<.>U<.>V<.>W<.>X<.>Y<.>Z<.>A1]
390,ENSG00000143545,2,ENSMUSG00000027935,2,ENSCAFG00000017389,1,[A<.>B<.>C[D<.>E<.>F<.>G<.>H<.>I]
1379,ENSG00000105204,5,ENSMUSG00000002409,3,ENSCAFG00000005428,1,[A<.>B[C<.>D<.>E<.>F<.>G<.>H<.>I<.>J<K>L<.>M<.>N]
108,ENSG00000092439,2,ENSMUSG00000027365,2,ENSCAFG00000015230,1,[A<.>B<.>C<.>D<.>E<.>F<.>G<.>H<.>I<.>J<.>K<.>L<.>M<.>N<.>O<.>P<.>Q<.>R<.>S<.>T<.>U<.>V<.>W<.>X<.>Y<.>Z<.>A1<.>A2<.>A3>A4<.>A5<.>A6<.>A7<.>A8<.>A9<.>A10<.>A11<.>A12<.>A13<.>A14]
2063,ENSG00000137872,9,ENSMUSG00000027200,8,ENSCAFG00000013925,1,[A<.>B<.>C<.>D<.>E<.>F<.>G<.>H<.>I<.>J<.>K<.>L<M].>N<.>O<.>P>Q<.>R<.>S<T<U<.>V]W]
893,ENSG00000167130,2,ENSMUSG00000026856,3,ENSCAFG00000020001,1,[A<.>B<.>C<.>D[E<.>F<.>G<.>H<.>I]
592,ENSG00000170248,2,ENSMUSG00000032504,2,ENSCAFG00000004721,1,[A<.>B<.>C<.>D<.>E<.>F<.>G>H<.>I<.>J<.>K<.>L<.>M<.>N<.>O<.>P<.>Q<.>R<.>S]
243,ENSG00000119661,2,ENSMUSG00000042523,2,ENSCAFG00000016858,1,[A<.>B<.>C[D<.>E<.>F<.>G<.>H<.>I]
1418,ENSG00000129657,7,ENSMUSG00000020823,3,ENSCAFG00000005176,1,[A<.>B[C<.>D<.>E<.>F<.>G<.>H<.>I<.>J<.>K<.>L<.>M<.>N<.>O<.>P<Q].>R].>S]
1583,ENSG00000102081,4,ENSMUSG00000000838,2,ENSCAFG00000019085,1,[A<.>B<.>C<.>D<.>E<.>F<.>G<.>H<.>I<.>J<.>K<.>L<.>M<.>N<.>O>P<.>Q<.>R>S]T]
1295,ENSG00000179295,3,ENSMUSG00000043733,2,ENSCAFG00000008894,1,[A<.>B<.>C<.>D<.>E<.>F<.>G<.>H<.>I<.>J<.>K>L<M].>N<.>O<.>P<.>Q].
71,ENSG00000072682,6,ENSMUSG00000018906,3,ENSCAFG00000000824,1,[A<.>B<.>C<.>D<.>E<.>F<.>G<.>H<.>I<.>J<.>K<.>L<.>M<.>N<.>O]
1402,ENSG00000117143,4,ENSMUSG00000026670,3,ENSCAFG00000013117,1,[A<.>B<.>C<.>D<.>E<.>F<.>G<.>H>I<.>J<.>K]
1389,ENSG00000109180,7,ENSMUSG00000029152,5,ENSCAFG00000001990,1,[A<.>B<.>C<.>D<.>E<.>F<G].>H<.>I]
73,ENSG00000072849,2,ENSMUSG00000018442,2,ENSCAFG00000032265,1,[A<.>B<.>C[D<.>E<.>F<.>G]H<.>I]
166,ENSG00000105991,2,ENSMUSG00000029844,2,ENSCAFG00000002936,1,[A<B>C]D<.>E]
1854,ENSG00000125944,6,ENSMUSG00000066037,4,ENSCAFG00000013308,1,[A<.>B<.>C[D<.>E<.>F<.>G<.>H>I<.>J<.>K<.>L]
970,ENSG00000080845,3,ENSMUSG00000061689,6,ENSCAFG00000008491,1,[A<.>B<.>C<.>D<.>E<.[F<.>G<.>H<.>I<.>J[K<.>L<.>M<.>N]
1047,ENSG00000096717,4,ENSMUSG00000020063,3,ENSCAFG00000013316,1,[A<.>B<.>C<.>D[E<.[F<.>G<.>H<.>I<.>J<.>K]
421,ENSG00000147955,2,ENSMUSG00000036078,2,ENSCAFG00000030020,1,[A<.>B<.>C<.>D]
436,ENSG00000151136,2,ENSMUSG00000020042,2,ENSCAFG00000001793,1,[A<.>B<.>C<.[D<.>E<.>F<.>G<.>H<.>I<.>J<.>K<.>L<.>M<.>N<.>O<.>P<.>Q<.>R]
1801,ENSG00000120802,4,ENSMUSG00000019961,5,ENSCAFG00000006529,1,[A<.>B<.>C<.>D].>E<.>F<.>G<.>H<.>I<.>J]
964,ENSG00000185559,2,ENSMUSG00000040856,5,ENSCAFG00000017925,1,[A<.>B<.>C<.>D<.>E<F<G>H>I>J]
686,ENSG00000185652,2,ENSMUSG00000049107,3,ENSCAFG00000015278,1,[A<.>B[C]
326,ENSG00000135108,2,ENSMUSG00000032898,2,ENSCAFG00000009303,1,[A<.>B<.>C<.>D<.>E<.>F<.>G<.>H<.>I<.>J>K<.>L<.>M]
27,ENSG00000038532,2,ENSMUSG00000068663,2,ENSCAFG00000018920,2,[A<.>B<.>C<.>D<.>E<.>F<.>G<.>H<.>I<.>J<.>K<L<.>M<.>N<.>O<.>P<.>Q<.>R<.>S<.>T<.>U<.>V<.>W<X].>Y<.>Z]
497,ENSG00000162989,2,ENSMUSG00000026824,3,ENSCAFG00000009183,1,[A<.>B<.>C]D]
1220,ENSG00000149930,3,ENSMUSG00000059981,2,ENSCAFG00000017039,2,[A<.>B<.>C<.>D<.>E<.>F<.>G<.>H<.>I<.>J<.>K>L<.>M<.>N<.>O<.>P<Q>R].>S<.>T<.>U]
1731,ENSG00000138795,4,ENSMUSG00000027985,3,ENSCAFG00000011252,1,[A<.[B<.>C<.>D<.>E<.>F<.>G<.>H<.>I<.>J<.>K<.>L].>M]
372,ENSG00000140455,2,ENSMUSG00000032376,2,ENSCAFG00000016993,1,[A<.>B<.>C<.>D<.>E<.>F<.>G<.>H<.>I<.>J<.>K<.>L<.>M<.>N<.>O]
660,ENSG00000181830,2,ENSMUSG00000049922,2,ENSCAFG00000031937,1,[A>B[C<.>D]
1511,ENSG00000135316,3,ENSMUSG00000032423,4,ENSCAFG00000003024,1,[A<.>B<.>C[D<.>E<.>F<.>G<.>H<.>I<.>J<.>K<L].>M>N]
636,ENSG00000176463,2,ENSMUSG00000025790,2,ENSCAFG00000011241,1,[A<.>B<.>C<.>D<.>E<.>F<.>G<.>H<.>I<.>J<K].>L]
1367,ENSG00000085978,3,ENSMUSG00000026289,3,ENSCAFG00000011752,1,[A<.>B<.>C<.>D<.>E<.>F<.>G<.>H<.>I<.>J<.>K<.>L<.>M<.>N<.>O<.>P<.>Q<.>R<.>S]
510,ENSG00000163599,2,ENSMUSG00000026011,2,ENSCAFG00000012876,1,[A<.>B<.>C<.>D]E]
736,ENSG00000198791,2,ENSMUSG00000031601,4,ENSCAFG00000006887,1,[A<.>B<.>C<.>D<.>E<F].>G]
1561,ENSG00000069424,7,ENSMUSG00000028931,4,ENSCAFG00000019524,2,[A<.>B<.[C<.[D<.>E<.>F<.>[G<.>H<.>I<.>J<.>K<.>L<.>M<.>N<.>O<.>P<.>Q<.>R]
350,ENSG00000137944,2,ENSMUSG00000040213,2,ENSCAFG00000020207,1,[A<.>B[C<.>D<.>E<.>F<.>G<.>H<.>I<.>J<.>K<.>L<.>M<.>N]
1414,ENSG00000126457,3,ENSMUSG00000109324,3,ENSCAFG00000003589,1,[A<.>B<.>C<.>D<.>E<.>F<G<.>H<.>I<.>J>K<.>L<.>M]
1144,ENSG00000126746,4,ENSMUSG00000038346,5,ENSCAFG00000014740,1,[A<.>B<.>C<.>D>E<.>F<.>G<.>H<.>I<.>J<.>K]
620,ENSG00000173065,3,ENSMUSG00000037750,3,ENSCAFG00000031142,1,[A<.>B>C[D]
1783,ENSG00000142864,4,ENSMUSG00000036371,4,ENSCAFG00000018538,1,[A<.>B<.>C<.>D>E<.>F>G<.>H<.>I<.>J]
1424,ENSG00000135709,4,ENSMUSG00000031824,4,ENSCAFG00000019937,2,[A<.>B<.>C<.>D<.>E<.>F<.>G<H].>I<.>J<.>K<.>L<.>M]
1316,ENSG00000189308,6,ENSMUSG00000035310,5,ENSCAFG00000009052,1,[A<B<.>C<.>D<.>E<.>F<.>G<.>H<.>I<.>J<.>K<.>L<.>M]
1267,ENSG00000166167,3,ENSMUSG00000025217,2,ENSCAFG00000009879,1,[A<.>B<.>C<.>D<.>E<.>F<.>G<.>H<.>I<.>J<.>K<.>L<.>M<.>N].
513,ENSG00000163630,2,ENSMUSG00000056296,2,ENSCAFG00000029431,1,[A<.>B<.[C<.>D<.>E<.>F<.>G]
1431,ENSG00000141447,3,ENSMUSG00000044252,7,ENSCAFG00000014108,1,[A<.>B<.>C<.>D<.>E<.>F<.>G<.>H<.>I<.>J<.>K<.>L<.>M[N<.>O[P<.>Q<.>R[S<.>T<.>U<.>V<.>W<.>X<.>Y<.>Z<.>A1<.>A2<.>A3<.>A4]
1426,ENSG00000137166,4,ENSMUSG00000023991,3,ENSCAFG00000001596,1,[A<.>B<.>C<.>D>E<.>F<.>G>H<.>I<.>J<.>K<.>L>M<.>N<.>O<.>P<.>Q<.>R<.>S]
1706,ENSG00000087087,4,ENSMUSG00000037364,3,ENSCAFG00000023538,1,[A<.>B<.>C<.>D<.>E<.>F<.>G<.>H<.>I>J<.>K<.>L<.>M<.>N<.>O<.>P<.>Q<.>R>S<.>T>U<.>V]
627,ENSG00000174437,2,ENSMUSG00000029467,3,ENSCAFG00000008434,1,[A<.>B<.>C<.>D<.>E<.>F<.>G<.>H<.>I<.>J<.>K<.>L<.>M<.>N<.>O<.>P<.>Q<.>R<.>S<.>T<U].>V]
1439,ENSG00000147010,3,ENSMUSG00000040990,3,ENSCAFG00000013075,1,[A<.>B<.[C<.>D<.>E<.>F<.>G<.[H<.>I<.>J<.>K<.>L<.>M<.>N<.>O<.>P<.>Q<.>R<.>S<.>T]
632,ENSG00000175416,2,ENSMUSG00000047547,2,ENSCAFG00000016689,1,[A<.>B<.>C<.>D<.>E<.>F]
24,ENSG00000031698,2,ENSMUSG00000068739,2,ENSCAFG00000019847,1,[A<.>B<.>C<.>D<.>E<.>F<.>G<.>H<.>I<.>J<.>K<.>L]
1549,ENSG00000010295,4,ENSMUSG00000038271,2,ENSCAFG00000015047,1,[A<.>B<.>C<.>D<.>E<.>F>G<.>H<.>I>J<.>K<.>L]
903,ENSG00000171843,2,ENSMUSG00000028496,3,ENSCAFG00000001635,1,[A<.[B<.>C<.>D<.>E<.>F<.>G<.>H[I<.>J<.>K<.>L<.>M]
311,ENSG00000133687,2,ENSMUSG00000030306,2,ENSCAFG00000010821,1,[A<.>B[C<.>D<.>E<.>F<.>G<.>H<.>I<.>J<.>K<.>L<.>M<.>N<.>O<.>P<.>Q<.>R<.>S<.>T<.>U]
583,ENSG00000169242,2,ENSMUSG00000027954,2,ENSCAFG00000017069,1,[A<.>B[C<.>D<.>E<.>F]
1386,ENSG00000107758,3,ENSMUSG00000021816,3,ENSCAFG00000014818,1,[A<.>B<.>C<.>D<.>E<.>F<.>G<.>H<.>I<.>J<.>K>L<.>M<.>N<.>O]
478,ENSG00000158092,3,ENSMUSG00000032475,2,ENSCAFG00000007451,1,[A<.[B<.>C<.>D]
1308,ENSG00000186073,6,ENSMUSG00000040282,2,ENSCAFG00000008431,1,[A<.>B<.>C<.>D<.>E[F<.>G<.>H<.>I<.>J<.>K>L<.>M]
459,ENSG00000154813,2,ENSMUSG00000021905,3,ENSCAFG00000005881,1,[A<.>B<.>C]
280,ENSG00000129159,2,ENSMUSG00000058975,2,ENSCAFG00000009072,1,[A<.>B<C].>D<.>E]
1611,ENSG00000120265,5,ENSMUSG00000019795,2,ENSCAFG00000000393,1,[A<.>B<.>C<.>D<.>E<.>F<.>G<H].>I]
360,ENSG00000138675,2,ENSMUSG00000029337,2,ENSCAFG00000008886,2,[A<.>B<.>C]D]
1131,ENSG00000123374,3,ENSMUSG00000025358,2,ENSCAFG00000000082,1,[A<.>B<.>C<.>D<.>E<.>F<.>G<.>H]
554,ENSG00000166200,2,ENSMUSG00000027206,2,ENSCAFG00000014850,1,[A<.>B<.>C<.>D<.>E>F<.>G<.>H<.>I<.>J<.>K<.>L<.>M<.>N]
1680,ENSG00000172005,4,ENSMUSG00000027375,2,ENSCAFG00000007047,1,[A<.>B<.>C<.>D]
728,ENSG00000197798,2,ENSMUSG00000050471,3,ENSCAFG00000010479,1,[A<.>B<.>C<.>D<.>E<.>F>G<.>H]
1258,ENSG00000165192,3,ENSMUSG00000031382,2,ENSCAFG00000011921,1,[A<.[B<.>C<.>D>E<.>F<.>G<.>H<.>I]
989,ENSG00000007392,4,ENSMUSG00000024188,3,ENSCAFG00000019689,1,[A<.>B<.>C[D<.>E<.>F<.>G<.>H<.>I<.>J<K].>L]
359,ENSG00000138660,2,ENSMUSG00000074238,2,ENSCAFG00000011643,1,[A<.>B<.>C<.>D<.>E<.>F<.>G<.>H<.>I<.>J]
775,ENSG00000072195,4,ENSMUSG00000026207,6,ENSCAFG00000015503,1,[A<.[B<.>C<.>D<.>E<.>F<.>G<.>H<.>I[J<.>K<.>L<.>M].>N<.>O<.>P<.>Q<.>R<.>S<.>T<.>U<.>V<.>W<.>X<.>Y<.>Z<.>A1<.>A2<.>A3<.>A4<.>A5<.>A6<.>A7<.>A8<.>A9<.>A10<.>A11<.>A12<.>A13<.>A14<.>A15<.>A16<.>A17<.>A18<.>A19]
2028,ENSG00000100095,6,ENSMUSG00000058153,3,ENSCAFG00000011694,1,[A<.>B<.>C<.>D<.>E<.>F<.>G<.>H<.>I<.>J<.>K<.>L<.>M<.>N<.>O>P>Q<.>R<.>S]
1169,ENSG00000136574,3,ENSMUSG00000021944,2,ENSCAFG00000029087,1,[A<.>B>C[D<.>E<.>F<.>G<.>H]
1514,ENSG00000138668,3,ENSMUSG00000000568,4,ENSCAFG00000025045,1,[A<.>B<.>C<.>D<.>E<.>F<.>G<.>H].
737,ENSG00000198815,5,ENSMUSG00000032998,2,ENSCAFG00000002563,1,[A<.>B<.>C<.>D<.>E<.>F<.>G<.>H<.>I<.>J<.>K<.>L]
114,ENSG00000096746,2,ENSMUSG00000020069,2,ENSCAFG00000013619,1,[A<.>B<.>C<D<.>E<.>F<.>G<.>H<.>I<.>J]
600,ENSG00000171055,2,ENSMUSG00000056121,2,ENSCAFG00000005904,2,[A<.>B<.>C<.>D<.>E<.>F<.>G<.>H<.>I]
16,ENSG00000011275,2,ENSMUSG00000045078,2,ENSCAFG00000015990,1,[A<.>B<.>C>D<.>E<.>F<.>G<.>H<.>I<.>J<.>K<.>L<.>M<.>N<.>O<.>P<.>Q]
353,ENSG00000138073,2,ENSMUSG00000045302,2,ENSCAFG00000004688,1,[A<.>B<.>C<.>D<.>E<.>F<.>G<.>H<.>I]J]
1294,ENSG00000179262,3,ENSMUSG00000003813,2,ENSCAFG00000017085,1,[A<.>B<.>C<.>D<.>E<.>F<.>G>H<.>I<.>J]
1112,ENSG00000115540,4,ENSMUSG00000025979,2,ENSCAFG00000010899,1,[A<.>B[C<.>D<.>E<.>F<.>G<.>H<.>I]
1935,ENSG00000169714,5,ENSMUSG00000030057,4,ENSCAFG00000004320,1,[A<B<.>C<.>D>E>F<.>G]
1647,ENSG00000145675,5,ENSMUSG00000041417,2,ENSCAFG00000007626,1,[A<.>B<.>C<.>D<.>E<.>F<.[G<.[H<.>I<.>J[K<.>L<.>M<.>N<.>O<.>P<.>Q<.>R]
817,ENSG00000116132,2,ENSMUSG00000026586,3,ENSCAFG00000015002,2,[A<.>B<.>C<D].>E].>F]
561,ENSG00000166747,3,ENSMUSG00000031731,2,ENSCAFG00000020205,1,[A<.>B<.>C<.>D<.>E<.>F<.>G<.>H<.>I<.>J<.>K<.>L<.>M<.>N<.>O<.>P<.>Q<.>R<.>S<.>T<.>U<.>V<.>W]
779,ENSG00000083799,5,ENSMUSG00000036712,6,ENSCAFG00000009802,1,[A<.>B<.>C<.>D<.>E<.>F<.>G<.>H<.>I<.>J<.>K<.>L<.>M<.>N<.>O<.>P<.>Q]
1387,ENSG00000108788,3,ENSMUSG00000017801,3,ENSCAFG00000029102,1,[A<B<.>C<.>D<.>E<.>F<.>G<.>H<.>I]
385,ENSG00000143171,2,ENSMUSG00000015843,4,ENSCAFG00000013336,1,[A<.>B<.>C[D<.>E<.>F<.>G<.>H<.>I<.>J<.>K]
1462,ENSG00000168610,4,ENSMUSG00000004040,3,ENSCAFG00000015213,1,[A<.>B<.>C<.>D<.>E<.>F<.>G<.>H<.>I<.>J<.>K<.>L<.>M<.>N<.>O<.>P<.>Q<.>R<.>S<.>T<U<.>V<.>W>X]Y<.>Z]
773,ENSG00000070808,2,ENSMUSG00000024617,3,ENSCAFG00000018163,1,[A<.>B<.>C<.>D<.>E<.>F<.>G<.>H<.>I<.>J<.>K<.>L<.[M>N<.>O<.>P<.>Q<.>R<.>S<.>T]
128,ENSG00000100991,2,ENSMUSG00000038324,2,ENSCAFG00000007912,2,[A<.>B<.>C<.>D<.>E<.>F<.>G<.>H<.>I>J<.>K<.>L<.>M<.>N<.>O<.>P<.>Q<.>R<.>S<.>T]
603,ENSG00000171385,3,ENSMUSG00000040896,3,ENSCAFG00000013665,1,[A<.>B<.>C<.>D<.>E<.>F<.>G]
452,ENSG00000153560,3,ENSMUSG00000009741,3,ENSCAFG00000004598,1,[A<.>B<.>C<.>D<.>E<.>F<.>G<.>H<.>I<.>J<.>K<.>L<.>M<.>N<.>O<.>P]
225,ENSG00000115593,2,ENSMUSG00000055027,2,ENSCAFG00000007437,1,[A<.>B<.>C<.>D<.>E<.>F<.>G<.>H<.>I<.>J]
563,ENSG00000166886,2,ENSMUSG00000025402,2,ENSCAFG00000000160,1,[A<.>B<.>C<.>D<.>E<.>F<.>G]
1254,ENSG00000163950,3,ENSMUSG00000004642,2,ENSCAFG00000015016,1,[A<.>B<.>C<.>D<.>E<.>F<.>G<.>H]
1790,ENSG00000169744,4,ENSMUSG00000039706,4,ENSCAFG00000015135,1,[A<.>B<.>C<.>D<.>E<.>F<.>G>H<I<.>J].>K].>L]
133,ENSG00000101892,2,ENSMUSG00000016327,2,ENSCAFG00000018484,1,[A<.>B<C<.>D<.>E<.>F<.>G<.>H<.>I]
312,ENSG00000133884,2,ENSMUSG00000024826,2,ENSCAFG00000013654,2,[A<.>B<.>C<.>D<.>E<.>F<.>G<.>H<.>I<.>J<.>K<.>L]
269,ENSG00000125798,2,ENSMUSG00000037025,2,ENSCAFG00000005168,1,[A>B[C<.>D]
741,ENSG00000198948,2,ENSMUSG00000031647,4,ENSCAFG00000007681,1,[A<.>B[C]
63,ENSG00000068366,3,ENSMUSG00000031278,4,ENSCAFG00000018063,1,[A>B>C[D<.>E<.>F<.>G<.>H<.>I<.>J<.>K<.>L<.>M<.>N<.>O<.>P<.>Q]
110,ENSG00000092531,3,ENSMUSG00000027287,3,ENSCAFG00000011105,1,[A<.>B<.>C<.>D<.>E<.>F<.>G<.>H]
1079,ENSG00000108883,4,ENSMUSG00000020929,2,ENSCAFG00000014065,1,[A<.>[B>C<.>D<.>E<.>F>G<.>H<.>I<.>J<.>K<.>L<.>M<.>N<.>O<.>P<.>Q<.>R<.>S<.>T<.>U<.>V<.>W<.>X<.>Y<.>Z<.>A1<.>A2<.>A3]
1153,ENSG00000131323,5,ENSMUSG00000021277,3,ENSCAFG00000018075,1,[A<.>B<.>C<.>D<.>E<.>F<.>G<.>H<.>I<.>J]
33,ENSG00000049130,2,ENSMUSG00000019966,2,ENSCAFG00000006091,1,[A<.>B<.>C<.>D<.>E<.>F<.>G<.>H<.>I].
1196,ENSG00000143434,4,ENSMUSG00000038777,4,ENSCAFG00000012473,1,[A<.>B<.>C<.>D<.>E<.>F<.>G<.>H<.>I<.>J<.>K<.>L<.>M<.>N<.>O<.>P<.>Q<.>R]
31,ENSG00000047249,3,ENSMUSG00000033793,2,ENSCAFG00000006947,1,[A<.>B<.>C<.>D<.>E<.>F<.>G<.>H<.>I<.>J<.>K<.>L<.>M]
1182,ENSG00000138814,3,ENSMUSG00000028161,2,ENSCAFG00000010644,2,[A<.>B<.>C<.>D<.>E<.>F<.>G<.>H<.>I<.>J<.>K<.>L<.>M<.>N]
1151,ENSG00000131051,3,ENSMUSG00000027620,3,ENSCAFG00000008327,1,[A<.>B<.>C<.>D<.>E<.>F<.>G<.>H<.>I<.>J<.>K<.>L>M<.>N<.>O<.>P<.>Q]
1768,ENSG00000102312,6,ENSMUSG00000031169,4,ENSCAFG00000015435,1,[A<.>B<.>C<.>D<.>E<.>F<.>G<.>H<.>I<.>J<.>K<.>L<.>M<.>N]
1,ENSG00000001631,5,ENSMUSG00000000600,2,ENSCAFG00000001961,2,[A<.>B<.>C<.>D<.>E<.>F<.>G<.>H<.>I<.>J<.>K<.>L<.>M<.>N<.>O<.>P]
2097,ENSG00000073282,7,ENSMUSG00000022510,6,ENSCAFG00000013961,1,[A<.>B<.>C<.[D<.>E<.>F<.>G<.>H<.>I<J<.>K<.>L<.>M].>N<.>O<.>P<.>Q]R]
1917,ENSG00000111731,6,ENSMUSG00000030279,5,ENSCAFG00000011774,1,[A<.>B<.>C<.>D<.>E<.>F<.>G<.>H<.>I<.>J<.>K<.>L<.>M<.>N<.>O<.>P<.>Q<.>R<.>S<.>T<.>U<.>V<.>W<.>X<.>Y<.>Z>A1<.>A2<.>A3<.>A4]
1035,ENSG00000080546,3,ENSMUSG00000038332,2,ENSCAFG00000003793,1,[A<.[B<.>C<.>D[E<.>F<.>G<.>H<.>I<.>J<.>K<.>L]
714,ENSG00000196821,2,ENSMUSG00000056692,2,ENSCAFG00000001229,1,[A<.>B<.>C<.>D<E<.>F]
1921,ENSG00000127616,6,ENSMUSG00000032187,3,ENSCAFG00000017584,1,[A<.>B<.>C<.>D<.>E<.>F<.>G<.>H<.>I<.>J<.>K<.>L<.>M<.>N<.>O<.>P<.>Q<.>R<.>S<.>T<.>U<.>V<.>W<.>X<.>Y<.>Z<.>A1<.>A2<.>A3>A4<.>A5>A6<.>A7<.>A8<.>A9<.>A10]
761,ENSG00000276600,4,ENSMUSG00000052688,2,ENSCAFG00000010198,1,[A<.>B<.>C<.>D<.>E]
859,ENSG00000143924,2,ENSMUSG00000032624,3,ENSCAFG00000006510,1,[A<.>B<.>C<.>D<.>E<.>F<.>G<.>H<.>I<.>J<.>K<.>L<.>M<.>N<.>O<.>P<.>Q<.>R<.>S<.>T<.>U<.>V<.>W<.>X]
12,ENSG00000008056,2,ENSMUSG00000037217,2,ENSCAFG00000015146,1,[A<.>B<.>C<.>D<.>E<.>F<.>G<.>H<.>I<.>J<.>K<.>L<.>M>N]O]
788,ENSG00000091073,4,ENSMUSG00000004947,4,ENSCAFG00000013614,3,[A<.>B<.>C<.>D<.>E>F<.>G<.>H<.>I<.>J]
2021,ENSG00000186575,9,ENSMUSG00000009073,3,ENSCAFG00000012307,2,[A<.>B<.>C<.>D<.>E<.>F<.>G<.>H<.>I<.>J<.>K<.>L<.>M<.>N<.>O<.>P].>Q]
339,ENSG00000136450,3,ENSMUSG00000018379,2,ENSCAFG00000017430,1,[A<.>B<.>C<D].>E<F].>G]
1117,ENSG00000117362,3,ENSMUSG00000015750,2,ENSCAFG00000011777,1,[A<.>B>C<.>D<.>E<.>F<.>G<H].>I]
2004,ENSG00000145687,6,ENSMUSG00000003992,2,ENSCAFG00000008677,1,[A<.>B<.>C<.>D<.>E<.>F<.>G<.>H<.>I>J<.>K<.>L<.>M<.>N<.>O<.>P<.>Q<.>R]
163,ENSG00000105879,2,ENSMUSG00000020659,2,ENSCAFG00000031990,1,[A<.>B<C<.>D>E<.>F<.>G<.>H]
631,ENSG00000175216,3,ENSMUSG00000040549,3,ENSCAFG00000009053,1,[A<.>B<.>C<.>D<.>E<.>F<.>G<.>H<.>I<.>J<.>K<.>L<.>M<.>N<.>O<.>P<.>Q<.>R<.>S<.>T<.>U<.>V<.>W<.>X<.>Y<.>Z<.>A1<.>A2<.>A3<.>A4<.>A5<.>A6<.>A7<.>A8<.>A9<.>A10<.>A11<.>A12<.>A13<.>A14<.>A15<.>A16>A17<.>A18]
1794,ENSG00000021300,5,ENSMUSG00000030701,7,ENSCAFG00000005594,1,[A<.>B[C<.>D<.>E<.>F<.>G<.>H<.>I]J]
975,ENSG00000134644,2,ENSMUSG00000028580,5,ENSCAFG00000011205,1,[A<.>B<.>C<.>D<.>E<.>F<.>G<.>H>I<.>J<.>K<.>L<.>M>N<.>O<.>P<.>Q<.>R<S<.>T<.>U<.>V<.>W<.>X]
1406,ENSG00000120156,3,ENSMUSG00000006386,3,ENSCAFG00000001713,1,[A<.>B<.>C<.>D<.>E<.>F<.>G<.>H<.>I<.>J<.>K<.>L<.>M<.>N<O<.>P<.>Q<.>R<.>S<.>T<.>U<.>V<.>W<.>X]
126,ENSG00000100796,2,ENSMUSG00000041846,2,ENSCAFG00000017570,1,[A<.>B<.>C<.>D<.>E<.>F<.>G<H<.>I<.>J<.>K<.>L<.>M<.>N<.>O<.>P]
10,ENSG00000006125,3,ENSMUSG00000035152,2,ENSCAFG00000018246,1,[A<.>B<.>C<.>D<.>E<.>F<.>G<.>H<.>I<.>J<.>K<.>L<.>M<.>N<.>O<.>P<.>Q<.>R<.>S<.>T<.>U]
668,ENSG00000183166,4,ENSMUSG00000060371,3,ENSCAFG00000011106,1,[A<.>B[C<.>D<.>E<.>F<.>G]
550,ENSG00000165702,3,ENSMUSG00000026815,2,ENSCAFG00000019877,1,[A<.>B<.>C<.>D<.>E>F<.>G]
1083,ENSG00000110497,3,ENSMUSG00000040506,2,ENSCAFG00000009193,1,[A<.>B<.>C<.>D<.>E<.>F<G>H<.>I<.>J<.>K<.>L<.>M<.>N<.>O<.>P<.>Q<.>R<.>S]
2012,ENSG00000168066,6,ENSMUSG00000024949,2,ENSCAFG00000014239,1,[A<B<.>C[D<.>E<.>F<.>G<.>H<.>I<.>J<.>K<.>L<M<.>N<.>O<.>P<Q].>R]S]
803,ENSG00000107864,3,ENSMUSG00000039652,5,ENSCAFG00000007423,1,[A<.>B<C<.>D<.>E<.>F>G<.>H<.>I<.>J<.>K<.>L]
924,ENSG00000001167,2,ENSMUSG00000023994,4,ENSCAFG00000001580,1,[A<.>B>C<.>D<.>E<.>F<.>G>H<.>I<.>J<.>K]
1394,ENSG00000112062,3,ENSMUSG00000053436,4,ENSCAFG00000001378,1,[A<.>B[C<.>D<.>E<.>F<.>G<.>H<.>I<.>J<.>K<.>L<.>M]N<.>O]
1812,ENSG00000160679,4,ENSMUSG00000001017,7,ENSCAFG00000017537,2,[A<.>B[C<.>D>E<.>F<.>G]H]
278,ENSG00000128591,2,ENSMUSG00000068699,2,ENSCAFG00000001585,2,[A<.>B[C<.>D<.>E<.>F<.>G<.>H<.>I<.>J<.>K<.>L<.>M<.>N<.>O<.>P<.>Q<.>R<.>S<.>T<.>U<.>V<.>W<.>X<.>Y<.>Z<.>A1<.>A2<.>A3<.>A4<.>A5<.>A6<.>A7<.>A8<.>A9<.>A10<.>A11<.>A12<.>A13<.>A14<.>A15<.>A16<.>A17<.>A18<.>A19<.>A20<.>A21<.>A22<.>A23]
1366,ENSG00000083896,3,ENSMUSG00000035851,3,ENSCAFG00000002821,1,[A<.>B<.>C<.>D<.>E<.>F<.>G<.>H<.>I<.>J<.>K<.>L<.>M<.>N>O<.>P<.>Q<.>R]
919,ENSG00000204231,2,ENSMUSG00000039656,3,ENSCAFG00000000912,1,[A<.>B[C<.>D<.>E<.>F<.>G<.>H<.>I>J<.>K<.>L]
297,ENSG00000132002,2,ENSMUSG00000005483,2,ENSCAFG00000016286,1,[A<.>B[C<.>D]
386,ENSG00000143365,2,ENSMUSG00000028150,2,ENSCAFG00000012884,1,[A<.>B<.[C<.>D<.>E<.>F<.>G<.>H<.>I<.>J<.>K<.>L]
824,ENSG00000118473,2,ENSMUSG00000028524,3,ENSCAFG00000018570,1,[A<.>B<.>C<.>D>E<.>F<.>G<.>H<.>I<.>J<.>K<.>L<.>M<.>N<.>O<.>P<.>Q<.>R<.>S<.>T<.>U<.>V<.>W<.>X<.>Y<.>Z<.>A1]
911,ENSG00000182287,2,ENSMUSG00000031367,3,ENSCAFG00000012215,1,>[A<.>B<.>C<.>D].>E<.>F]
187,ENSG00000110429,2,ENSMUSG00000027180,2,ENSCAFG00000007148,1,[A<.>B<.>C<.>D<.>E<.>F<.>G<.>H<.>I<.>J<K].>L]
428,ENSG00000149182,2,ENSMUSG00000027255,2,ENSCAFG00000008903,1,[A<.>B<.>C<.>D<.>E<.>F<.>G<.>H<.>I<.>J<.>K<.>L<.>M<.>N<.>O<.>P<.>Q]
864,ENSG00000147852,2,ENSMUSG00000024924,3,ENSCAFG00000002028,2,[A<.>B<.>C<.>D<.>E<.>F<.>G<.>H<.>I<.>J<.>K<.>L<.>M<.>N<.>O<.>P<.>Q<.>R<.>S]
426,ENSG00000148700,3,ENSMUSG00000025026,3,ENSCAFG00000010696,1,[A<.>B<.>C<.>D<.>E<.>F<.>G<.>H<.>I<.>J<.>K<.>L<.>M<.>N]
1238,ENSG00000157514,6,ENSMUSG00000031431,2,ENSCAFG00000029920,1,[A<.[B<.>C[D<.>E]
49,ENSG00000063244,2,ENSMUSG00000030435,2,ENSCAFG00000002551,1,[A<.>B<.>C<.>D<.>E<.>F<.>G<.>H<.>I<.>J<K<.>L<.>M]
535,ENSG00000164970,2,ENSMUSG00000028439,2,ENSCAFG00000001919,1,[A<B<.>C<D<.>E<.>F<.>G<.>H]
571,ENSG00000167642,2,ENSMUSG00000074227,2,ENSCAFG00000005948,1,[A<.>B<.>C<.>D<.>E<.>F<.>G]
304,ENSG00000132640,6,ENSMUSG00000062098,2,ENSCAFG00000030748,1,[A>B[C<.>D<.>E<.>F]
56,ENSG00000065613,2,ENSMUSG00000025060,2,ENSCAFG00000010516,2,[A<.>B<.>C<.>D<.>E<.>F<.>G<.>H<.>I<.>J<.>K<.>L<.>M<.>N<.>O<.>P<.>Q<.>R<.>S]
1017,ENSG00000067840,3,ENSMUSG00000002006,2,ENSCAFG00000019290,1,[A<.>B<C<.>D<.>E<.>F<.>G<.>H<.>I]
183,ENSG00000109943,2,ENSMUSG00000032021,2,ENSCAFG00000011705,1,[A<.>B<.>C<.>D<.>E<.[F>G<.>H<.>I>J<.>K<.>L]
230,ENSG00000117155,3,ENSMUSG00000036825,4,ENSCAFG00000020304,1,[A<.>B[C<.>D<.>E<.>F<.>G<.>H<.>I<.>J<.>K>L<.>M<.>N<.>O]
111,ENSG00000092969,2,ENSMUSG00000039239,2,ENSCAFG00000010815,2,[A<.>B<.>C<.>D<.>E<.>F<.>G<.>H]
268,ENSG00000125740,2,ENSMUSG00000003545,2,ENSCAFG00000004443,1,[A<.>B<.>C<.>D<E>F]G]
818,ENSG00000116191,2,ENSMUSG00000026594,5,ENSCAFG00000013981,1,[A<.>B<.>C<.>D<.>E<.>F<.>G<.>H<.>I<.>J<.>K<.>L<.>M<.>N<.>O<.>P<.>Q<.>R<.>S]
2025,ENSG00000022267,13,ENSMUSG00000023092,4,ENSCAFG00000018932,1,[A<.[B<.>C[D<.>E<.>F<.>G<.>H<.>I]J]
1609,ENSG00000117569,4,ENSMUSG00000028134,2,ENSCAFG00000020080,1,[A<.>B<.>C<.>D<.>E<.>F<.>G<.>H<.>I>J<.>K<.>L<.>M<.>N<.>O>P]
693,ENSG00000186591,2,ENSMUSG00000039159,2,ENSCAFG00000001505,1,[A<.>B<.>C<.>D<.>E<.>F<.>G]
491,ENSG00000161533,2,ENSMUSG00000020777,2,ENSCAFG00000004989,2,[A<.>B<.>C<.>D<.>E<.>F<.>G<.>H<.>I<.>J<.>K<.>L<.>M<.>N<.>O]
219,ENSG00000115306,2,ENSMUSG00000020315,3,ENSCAFG00000002744,2,[A<.[B<.>C<.>D<.>E<.>F<.>G<.>H<.>I<.>J<.>K<.>L<.>M<.>N<.>O<.>P<.>Q<.>R<.>S<.>T<.>U<.>V<.>W<.>X<.>Y<.>Z<.>A1<.>A2<.>A3<.>A4<.>A5<.>A6<A7].>A8<.>A9<.>A10<.>A11]
1168,ENSG00000136404,3,ENSMUSG00000038623,2,ENSCAFG00000013196,1,[A<.>B<.>C[D<.>E<.>F<.>G<.>H<.>I<.>J]K<.>L]
1324,ENSG00000197879,4,ENSMUSG00000017774,3,ENSCAFG00000019169,2,[A<.[B<.>C[D<.>E<.>F<.>G<.>H<.>I<.>J<.>K<.>L<.>M<.>N<.>O<.>P<.>Q<.>R<.>S<.>T<.>U<.>V<.>W<.>X<.>Y<.>Z<.>A1<.>A2<.>A3<.>A4<.>A5<.>A6<.>A7<.>A8]
730,ENSG00000197982,3,ENSMUSG00000078570,3,ENSCAFG00000028619,1,[A<.>B[C<.>D]
1720,ENSG00000115966,6,ENSMUSG00000027104,7,ENSCAFG00000013332,1,[A<.>B[C[D<.>E<.>F<.>G<.>H<I].>J<.>K<.>L<.>M<.>N<.>O]
88,ENSG00000085365,2,ENSMUSG00000021687,3,ENSCAFG00000032395,1,[A<.>B<.>C[D<.>E<.>F<.>G<.>H<.>I<.>J]
1688,ENSG00000186231,4,ENSMUSG00000040387,2,ENSCAFG00000003452,1,[A<.>B<.>C<.>D<.>E<.>F<.>G[H<.>I<.>J<.>K]
2087,ENSG00000117859,8,ENSMUSG00000028559,4,ENSCAFG00000003849,1,[A<.>B<.>C<.>D<.[E<.>F<.>G<.>H<.>I<.>J[K<.>L<.>M<.>N<.>O<.>P<.>Q<.>R<.>S<.>T<.>U<.>V<.>W<.>X<.>Y<.>Z<.>A1]
850,ENSG00000135333,2,ENSMUSG00000028289,3,ENSCAFG00000003332,1,[A<.>B<.>C<D].>E<.>F<.>G<.>H<.>I<.>J<.>K].>L>M<.>N<.>O<.>P<.>Q<.>R<.>S<.>T]
1430,ENSG00000141380,3,ENSMUSG00000037013,3,ENSCAFG00000018147,1,[A<.>[B<.>C<.>D<.>E<.>F<.>G<.>H<.>I<.>J<.>K]
274,ENSG00000127837,2,ENSMUSG00000006299,2,ENSCAFG00000014625,1,[A<.>B>C<.>D<.>E<.>F<.>G<.>H<.>I<.>J<.>K<.>L]
1924,ENSG00000136504,5,ENSMUSG00000038909,3,ENSCAFG00000016955,1,[A<.>B<.>C<.>D<.>E<.>F<.>G<.>H<.>I<.>J<.>K<.>L<.>M<.>N<.>O]
711,ENSG00000196511,2,ENSMUSG00000029735,2,ENSCAFG00000025529,1,[A<.>B<.>C<.>D<.>E<.>F<.>G<.>H]
425,ENSG00000148429,2,ENSMUSG00000039046,2,ENSCAFG00000004866,1,[A<.[B<.[C<.>D<.>E<.>F<.>G<.>H<.>I<.>J<.>K<.>L<.>M<.>N<.>O<.>P]
270,ENSG00000125970,2,ENSMUSG00000027593,4,ENSCAFG00000007490,1,[A<.>B<.>C<.>D<.>E<.>F<.>G].
285,ENSG00000130202,2,ENSMUSG00000062300,2,ENSCAFG00000004626,1,[A<.>B<.>C<.>D<.>E<.>F].>G<.>H<.>I<.>J]
165,ENSG00000105974,5,ENSMUSG00000007655,4,ENSCAFG00000003404,1,[A<.>B[C<.>D]
171,ENSG00000106992,3,ENSMUSG00000026817,3,ENSCAFG00000020105,2,[A<.[B<.>C<.>D<.>E<.>F<.>G]
107,ENSG00000092421,3,ENSMUSG00000019647,3,ENSCAFG00000000192,1,[A<.>B<.>C<.>D<.>E<.>F<.>G<.>H<.>I<.>J<.>K<.>L<.>M<.>N<.>O<.>P<.>Q<.>R<.>S]
142,ENSG00000102910,2,ENSMUSG00000047866,3,ENSCAFG00000010029,1,[A<.>B<.>C<.>D<.>E<.>F<.>G<.>H[I<.>J<.>K<.>L<.>M<.>N<.>O<.>P]
1953,ENSG00000107643,6,ENSMUSG00000021936,4,ENSCAFG00000006551,1,[A<.>B<.>C<.>D<.>E<.>F<.>G<.>H>I<.>J<.>K<.>L<.>M>N]O]
47,ENSG00000062598,3,ENSMUSG00000017670,3,ENSCAFG00000010313,1,[A<.>B<.>C<.>D<.>E[F<.>G<.>H<.>I<.>J<.>K<.>L<.>M<.>N<.>O<.>P<.>Q<.>R<.>S<.>T<.>U<.>V]
